Date,GORH,GPRH,GPTH,LPRH,OPRH,OPT,WCTH,WIRH,WITH,WPRH,WPTH
36526,0,0,0,0,0,0,0,0,0,0,0
36527,0,0,0,0,0,0,0,0,0,0,0
36530,0,0,0,0,0,0,0,0,0,0,0
36530.5,0,0,0,0,0,0,0,0,0,0,0
36531.125,0,0,0,0,0,0,0,0,0,0,0
36532.10156,0,0,0,0,0,0,0,0,0,0,0
36533.62744,0,0,0,0,0,0,0,0,0,0,0
36536.01163,0,0,0,0,0,0,0,0,0,0,0
36539.73692,0,0,0,0,0,0,0,0,0,0,0
36544.73692,0,0,0,0,0,0,0,0,0,0,0
36549.73692,0,0,0,0,0,0,0,0,0,0,0
36553.36846,0,0,0,0,0,0,0,0,0,0,0
36553.73161,0,0,0,0,0,0,0,0,0,0,0
36554.18556,0,0,0,0,0,0,0,0,0,0,0
36554.89484,0,0,0,0,0,0,0,0,0,0,0
36555.94742,0,0,0,0,0,0,0,0,0,0,0
36557,0,0,0,0,0,0,0,0,0,0,0
36558,184,2131862,2131862,12134.44824,11586.20703,11586.20703,0.045180544,4827.585938,4827.585938,548.2409668,548.2409668
36558.23277,184,2131862,2628089.25,12134.44824,11586.20703,14283.09375,0.045180544,4827.585938,5951.288574,548.2409668,675.8533936
36558.52373,184,2131862,3248373,12134.44824,11586.20703,17654.20313,0.045180544,4827.585938,7355.916992,548.2409668,835.3688965
36558.97835,184,2131862,4217566.5,12134.44824,11586.20703,22921.55859,0.045180544,4827.585938,9550.648438,548.2409668,1084.611938
36559.6887,184,2131862,5731932,12134.44824,11586.20703,31151.80469,0.045180544,4827.585938,12979.91699,548.2409668,1474.054077
36560.79862,184,2131862,8098127,12134.44824,11586.20703,44011.5625,0.045180544,4827.585938,18338.14844,548.2409668,2082.557373
36560.97204,184,2131862,8467845,12134.44824,11586.20703,46020.89844,0.045180544,4827.585938,19175.37305,548.2409668,2177.63623
36561.18882,184,2131862,8929993,12134.44824,11586.20703,48532.57031,0.045180544,4827.585938,20221.90234,548.2409668,2296.484375
36561.52754,184,2131862,9652098,12134.44824,11586.20703,52457.05859,0.045180544,4827.585938,21857.10547,548.2409668,2482.185059
36562.05679,184,2131862,10780388,12134.44824,11586.20703,58589.06641,0.045180544,4827.585938,24412.10938,548.2409668,2772.342041
36562.88375,184,2131862,12543341,12134.44824,11586.20703,68170.33594,0.045180544,4827.585938,28404.30273,548.2409668,3225.712402
36564.17587,184,2131862,15297955,12134.44824,11586.20703,83141.0625,0.045180544,4827.585938,34642.10547,548.2409668,3934.103516
36566.1948,184,2131862,19602040,12134.44824,11586.20703,106532.8281,0.045180544,4827.585938,44388.67188,548.2409668,5040.964844
36569.34938,184,2131862,26327172,12134.44824,11586.20703,143082.4531,0.045180544,4827.585938,59617.68359,548.2409668,6770.435547
36569.84228,184,2131862,27377974,12134.44824,11586.20703,148793.3438,0.045180544,4827.585938,61997.21875,548.2409668,7040.665039
36570.45841,184,2131862,28691476,12134.44824,11586.20703,155931.9375,0.045180544,4827.585938,64971.63281,548.2409668,7378.452637
36571.42111,184,2131862,30743822,12134.44824,11586.20703,167086,0.045180544,4827.585938,69619.15625,548.2409668,7906.245117
36572.92533,184,2131862,33950616,12134.44824,11586.20703,184514.2188,0.045180544,4827.585938,76880.92188,548.2409668,8730.920898
36573.16037,184,2131862,34451676,12134.44824,11586.20703,187237.375,0.045180544,4827.585938,78015.57031,548.2409668,8859.776367
36573.45416,184,2131862,35078004,12134.44824,11586.20703,190641.3281,0.045180544,4827.585938,79433.88281,548.2409668,9020.845703
36573.91322,184,2131862,36056640,12134.44824,11586.20703,195960,0.045180544,4827.585938,81649.99219,548.2409668,9272.517578
36574.63048,184,2131862,37585756,12134.44824,11586.20703,204270.4219,0.045180544,4827.585938,85112.67188,548.2409668,9665.75293
36575.75122,184,2131862,39975004,12134.44824,11586.20703,217255.4688,0.045180544,4827.585938,90523.10156,548.2409668,10280.18457
36577.50236,184,2131862,43708204,12134.44824,11586.20703,237544.5781,0.045180544,4827.585938,98976.89844,548.2409668,11240.2334
36580.23852,184,2131862,49541324,12134.44824,11586.20703,269246.3438,0.045180544,4827.585938,112185.9609,548.2409668,12740.31055
36583.11926,184,2131862,55682664,12134.44824,11586.20703,302623.1875,0.045180544,4827.585938,126092.9766,548.2409668,14319.64941
36586,184,2131862,61824000,12134.44824,11586.20703,336000,0.045180544,4827.585938,140000,548.2409668,15898.98926
36586.1,184,2168141.5,62040812,12321.04688,11783.37695,337178.3438,0.043638337,5000,140500,537.6699829,15952.75586
36586.225,184,2168141.5,62311832,12321.04688,11783.37695,338651.2813,0.043638337,5000,141125,537.6699829,16019.96484
36586.42031,184,2168141.5,62735296,12321.04688,11783.37695,340952.7188,0.043638337,5000,142101.5625,537.6699829,16124.97852
36586.72549,184,2168141.5,63396960,12321.04688,11783.37695,344548.7188,0.043638337,5000,143627.4375,537.6699829,16289.0625
36587.20232,184,2168141.5,64430812,12321.04688,11783.37695,350167.4688,0.043638337,5000,146011.625,537.6699829,16545.44336
36587.94738,184,2168141.5,66046204,12321.04688,11783.37695,358946.75,0.043638337,5000,149736.9063,537.6699829,16946.03906
36589.11154,184,2168141.5,68570248,12321.04688,11783.37695,372664.4063,0.043638337,5000,155557.6719,537.6699829,17571.96875
36590.93053,184,2168141.5,72514080,12321.04688,11783.37695,394098.25,0.043638337,5000,164652.625,537.6699829,18549.98438
36593.7727,184,2168141.5,78676304,12321.04688,11783.37695,427588.625,0.043638337,5000,178863.4844,537.6699829,20078.13477
36598.21359,184,2168141.5,88304792,12321.04688,11783.37695,479917.3438,0.043638337,5000,201067.9375,537.6699829,22465.86914
36603.21359,184,2168141.5,99145496,12321.04688,11783.37695,538834.25,0.043638337,5000,226067.9375,537.6699829,25154.21875
36608.21359,184,2168141.5,109986200,12321.04688,11783.37695,597751.125,0.043638337,5000,251067.9375,537.6699829,27842.57031
36612.6068,184,2168141.5,119511296,12321.04688,11783.37695,649517.875,0.043638337,5000,273033.9688,537.6699829,30204.66406
36617,184,2168141.5,129036384,12321.04688,11783.37695,701284.6875,0.043638337,5000,295000,537.6699829,32566.75781
36618,184.0000305,1846715.25,130883096,10518.82227,10036.49512,711321.1875,0.045853771,5000,300000,482.3276978,33049.08594
36620.99377,184.0000305,1846715.25,136411728,10518.82227,10036.49512,741368.125,0.045853771,5000,314968.8125,482.3276978,34493.0625
36625.99377,184.0000305,1846715.25,145645312,10518.82227,10036.49512,791550.5625,0.045853771,5000,339968.8125,482.3276978,36904.69922
36630.99377,184.0000305,1846715.25,154878880,10518.82227,10036.49512,841733.0625,0.045853771,5000,364968.8125,482.3276978,39316.33984
36635.99377,184.0000305,1846715.25,164112464,10518.82227,10036.49512,891915.5,0.045853771,5000,389968.8125,482.3276978,41727.97656
36640.99377,184.0000305,1846715.25,173346032,10518.82227,10036.49512,942098,0.045853771,5000,414968.8125,482.3276978,44139.61719
36643.99688,184.0000305,1846715.25,178891936,10518.82227,10036.49512,972238.75,0.045853771,5000,429984.4063,482.3276978,45588.10156
36647,184.0000305,1846715.25,184437840,10518.82227,10036.49512,1002379.563,0.045853771,5000,445000,482.3276978,47036.58984
36648,184,1589155.75,186026992,9106.649414,8636.71582,1011016.25,0.051603306,5000,450000,469.9332275,47506.52344
36651,184,1589155.75,190794464,9106.649414,8636.71582,1036926.438,0.051603306,5000,465000,469.9332275,48916.32422
36656,184,1589155.75,198740240,9106.649414,8636.71582,1080110,0.051603306,5000,490000,469.9332275,51265.98828
36661,184,1589155.75,206686016,9106.649414,8636.71582,1123293.625,0.051603306,5000,515000,469.9332275,53615.65625
36666,184,1589155.75,214631808,9106.649414,8636.71582,1166477.125,0.051603306,5000,540000,469.9332275,55965.32031
36671,184,1589155.75,222577584,9106.649414,8636.71582,1209660.75,0.051603306,5000,565000,469.9332275,58314.98828
36674.5,184,1589155.75,228139632,9106.649414,8636.71582,1239889.25,0.051603306,5000,582500,469.9332275,59959.75391
36674.85001,184,1589155.75,228695824,9106.649414,8636.71582,1242912.125,0.051603306,5000,584250,469.9332275,60124.23047
36675.28751,184,1589155.75,229391088,9106.649414,8636.71582,1246690.625,0.051603306,5000,586437.5,469.9332275,60329.82422
36675.9711,184,1589155.75,230477424,9106.649414,8636.71582,1252594.625,0.051603306,5000,589855.4375,469.9332275,60651.07031
36676.98555,184,1589155.75,232089552,9106.649414,8636.71582,1261356.25,0.051603306,5000,594927.75,469.9332275,61127.79297
36678,184,1589155.75,233701664,9106.649414,8636.71582,1270117.75,0.051603306,5000,600000,469.9332275,61604.51953
36679,184,1437154.375,235138816,8335.935547,7810.62207,1277928.375,0.063017927,9833.333008,609833.3125,525.3133545,62129.83203
36682,184,1437154.375,239450288,8335.935547,7810.62207,1301360.25,0.063017927,9833.333008,639333.3125,525.3133545,63705.77344
36687,184,1437154.375,246636064,8335.935547,7810.62207,1340413.375,0.063017927,9833.333008,688500,525.3133545,66332.33594
36692,184,1437154.375,253821824,8335.935547,7810.62207,1379466.5,0.063017927,9833.333008,737666.625,525.3133545,68958.90625
36697,184,1437154.375,261007600,8335.935547,7810.62207,1418519.625,0.063017927,9833.333008,786833.3125,525.3133545,71585.47656
36702,184,1437154.375,268193376,8335.935547,7810.62207,1457572.625,0.063017927,9833.333008,836000,525.3133545,74212.03906
36705,184,1437154.375,272504832,8335.935547,7810.62207,1481004.5,0.063017927,9833.333008,865500,525.3133545,75787.98438
36708,184,1437154.375,276816288,8335.935547,7810.62207,1504436.375,0.063017927,9833.333008,895000,525.3133545,77363.92188
36709,183.9999847,1410420.375,278226720,8287.838867,7665.329102,1512101.75,0.075111255,9665.691406,904665.6875,622.5100098,77986.42969
36712,183.9999847,1410420.375,282457984,8287.838867,7665.329102,1535097.75,0.075111255,9665.691406,933662.75,622.5100098,79853.96094
36717,183.9999847,1410420.375,289510080,8287.838867,7665.329102,1573424.375,0.075111255,9665.691406,981991.1875,622.5100098,82966.50781
36722,183.9999847,1410420.375,296562176,8287.838867,7665.329102,1611751,0.075111255,9665.691406,1030319.625,622.5100098,86079.0625
36727,183.9999847,1410420.375,303614304,8287.838867,7665.329102,1650077.625,0.075111255,9665.691406,1078648.125,622.5100098,89191.60938
36732,183.9999847,1410420.375,310666400,8287.838867,7665.329102,1688404.25,0.075111255,9665.691406,1126976.625,622.5100098,92304.16406
36735.5,183.9999847,1410420.375,315602848,8287.838867,7665.329102,1715233,0.075111255,9665.691406,1160806.5,622.5100098,94482.94531
36739,183.9999847,1410420.375,320539328,8287.838867,7665.329102,1742061.625,0.075111255,9665.691406,1194636.375,622.5100098,96661.72656
36740,184,1328840.125,321868160,7836.727539,7221.957031,1749283.5,0.078447349,9445.529297,1204081.875,614.7705078,97276.5
36743,184,1328840.125,325854688,7836.727539,7221.957031,1770949.375,0.078447349,9445.529297,1232418.5,614.7705078,99120.8125
36748,184,1328840.125,332498880,7836.727539,7221.957031,1807059.25,0.078447349,9445.529297,1279646.125,614.7705078,102194.6641
36753,184,1328840.125,339143104,7836.727539,7221.957031,1843169,0.078447349,9445.529297,1326873.875,614.7705078,105268.5156
36758,184,1328840.125,345787296,7836.727539,7221.957031,1879278.75,0.078447349,9445.529297,1374101.5,614.7705078,108342.3672
36763,184,1328840.125,352431488,7836.727539,7221.957031,1915388.625,0.078447349,9445.529297,1421329.125,614.7705078,111416.2188
36766.5,184,1328840.125,357082432,7836.727539,7221.957031,1940665.375,0.078447349,9445.529297,1454388.5,614.7705078,113567.9219
36770,184,1328840.125,361733376,7836.727539,7221.957031,1965942.25,0.078447349,9445.529297,1487447.875,614.7705078,115719.6172
36771,183.9999847,1257517.25,362990880,7438.941895,6834.333984,1972776.625,0.081276067,9386.418945,1496834.25,604.6079102,116324.2266
36774,183.9999847,1257517.25,366763456,7438.941895,6834.333984,1993279.625,0.081276067,9386.418945,1524993.5,604.6079102,118138.0469
36779,183.9999847,1257517.25,373051040,7438.941895,6834.333984,2027451.25,0.081276067,9386.418945,1571925.625,604.6079102,121161.0859
36784,183.9999847,1257517.25,379338624,7438.941895,6834.333984,2061623,0.081276067,9386.418945,1618857.75,604.6079102,124184.125
36789,183.9999847,1257517.25,385626208,7438.941895,6834.333984,2095794.625,0.081276067,9386.418945,1665789.75,604.6079102,127207.1641
36794,183.9999847,1257517.25,391913792,7438.941895,6834.333984,2129966.25,0.081276067,9386.418945,1712721.875,604.6079102,130230.2031
36797,183.9999847,1257517.25,395686336,7438.941895,6834.333984,2150469.25,0.081276067,9386.418945,1740881.125,604.6079102,132044.0313
36800,183.9999847,1257517.25,399458912,7438.941895,6834.333984,2170972.25,0.081276067,9386.418945,1769040.375,604.6079102,133857.8594
36801,183.9999847,1199547.125,400658432,7132.999023,6519.27832,2177491.5,0.086039692,9343.804688,1778384.25,613.7210693,134471.5781
36804,183.9999847,1199547.125,404257088,7132.999023,6519.27832,2197049.5,0.086039692,9343.804688,1806415.625,613.7210693,136312.7344
36809,183.9999847,1199547.125,410254816,7132.999023,6519.27832,2229645.75,0.086039692,9343.804688,1853134.625,613.7210693,139381.3438
36814,183.9999847,1199547.125,416252544,7132.999023,6519.27832,2262242.25,0.086039692,9343.804688,1899853.625,613.7210693,142449.9531
36819,183.9999847,1199547.125,422250304,7132.999023,6519.27832,2294838.5,0.086039692,9343.804688,1946572.75,613.7210693,145518.5469
36824,183.9999847,1199547.125,428248032,7132.999023,6519.27832,2327435,0.086039692,9343.804688,1993291.75,613.7210693,148587.1563
36827.5,183.9999847,1199547.125,432446432,7132.999023,6519.27832,2350252.5,0.086039692,9343.804688,2025995,613.7210693,150735.1875
36831,183.9999847,1199547.125,436644864,7132.999023,6519.27832,2373070,0.086039692,9343.804688,2058698.375,613.7210693,152883.2031
36832,183.9999847,1152276.875,437797120,6902.602051,6262.375,2379332.25,0.092751563,9309.646484,2068008,640.2271729,153523.4375
36835,183.9999847,1152276.875,441253952,6902.602051,6262.375,2398119.5,0.092751563,9309.646484,2095936.875,640.2271729,155444.1094
36840,183.9999847,1152276.875,447015360,6902.602051,6262.375,2429431.25,0.092751563,9309.646484,2142485.25,640.2271729,158645.25
36845,183.9999847,1152276.875,452776736,6902.602051,6262.375,2460743.25,0.092751563,9309.646484,2189033.5,640.2271729,161846.3906
36850,183.9999847,1152276.875,458538112,6902.602051,6262.375,2492055,0.092751563,9309.646484,2235581.75,640.2271729,165047.5156
36855,183.9999847,1152276.875,464299488,6902.602051,6262.375,2523367,0.092751563,9309.646484,2282129.75,640.2271729,168248.6563
36858,183.9999847,1152276.875,467756320,6902.602051,6262.375,2542154,0.092751563,9309.646484,2310058.75,640.2271729,170169.3438
36861,183.9999847,1152276.875,471213152,6902.602051,6262.375,2560941.25,0.092751563,9309.646484,2337987.75,640.2271729,172090.0156
36862,184.0000153,1113746.25,472326912,6729.431152,6052.967773,2566994.25,0.100523092,9284.40625,2347272.25,676.4631958,172766.4844
36865,184.0000153,1113746.25,475668160,6729.431152,6052.967773,2585153,0.100523092,9284.40625,2375125.25,676.4631958,174795.875
36870,184.0000153,1113746.25,481236864,6729.431152,6052.967773,2615417.75,0.100523092,9284.40625,2421547.5,676.4631958,178178.1875
36875,184.0000153,1113746.25,486805600,6729.431152,6052.967773,2645682.75,0.100523092,9284.40625,2467969.5,676.4631958,181560.5
36880,184.0000153,1113746.25,492374336,6729.431152,6052.967773,2675947.5,0.100523092,9284.40625,2514391.5,676.4631958,184942.8281
36885,184.0000153,1113746.25,497943072,6729.431152,6052.967773,2706212.5,0.100523092,9284.40625,2560813.5,676.4631958,188325.1406
36888.5,184.0000153,1113746.25,501841184,6729.431152,6052.967773,2727397.75,0.100523092,9284.40625,2593309,676.4631958,190692.7656
36892,184.0000153,1113746.25,505739296,6729.431152,6052.967773,2748583.25,0.100523092,9284.40625,2625804.25,676.4631958,193060.375
36893,183.9999847,1668560.5,507407840,10009.1543,9068.263672,2757651.5,0.094003022,9275.868164,2635080.25,940.8907471,194001.2656
36896,183.9999847,1668560.5,512413536,10009.1543,9068.263672,2784856.25,0.094003022,9275.868164,2662907.75,940.8907471,196823.9375
36901,183.9999847,1668560.5,520756352,10009.1543,9068.263672,2830197.5,0.094003022,9275.868164,2709287,940.8907471,201528.3906
36906,183.9999847,1668560.5,529099136,10009.1543,9068.263672,2875538.75,0.094003022,9275.868164,2755666.5,940.8907471,206232.8438
36911,183.9999847,1668560.5,537441920,10009.1543,9068.263672,2920880.25,0.094003022,9275.868164,2802045.75,940.8907471,210937.2969
36916,183.9999847,1668560.5,545784768,10009.1543,9068.263672,2966221.5,0.094003022,9275.868164,2848425.25,940.8907471,215641.7656
36919.5,183.9999847,1668560.5,551624704,10009.1543,9068.263672,2997960.5,0.094003022,9275.868164,2880890.75,940.8907471,218934.875
36923,183.9999847,1668560.5,557464640,10009.1543,9068.263672,3029699.25,0.094003022,9275.868164,2913356.25,940.8907471,222228
36924,184.0000153,1411976.375,558876672,8521.879883,7673.78418,3037373.25,0.099519849,9299.966797,2922656.25,848.0962524,223076.0938
36927,184.0000153,1411976.375,563112576,8521.879883,7673.78418,3060394.5,0.099519849,9299.966797,2950556,848.0962524,225620.375
36932,184.0000153,1411976.375,570172480,8521.879883,7673.78418,3098763.5,0.099519849,9299.966797,2997056,848.0962524,229860.8594
36937,184.0000153,1411976.375,577232320,8521.879883,7673.78418,3137132.25,0.099519849,9299.966797,3043555.75,848.0962524,234101.3438
36942,184.0000153,1411976.375,584292224,8521.879883,7673.78418,3175501.25,0.099519849,9299.966797,3090055.5,848.0962524,238341.8281
36946.5,184.0000153,1411976.375,590646144,8521.879883,7673.78418,3210033.25,0.099519849,9299.966797,3131905.5,848.0962524,242158.25
36951,184.0000153,1411976.375,597000000,8521.879883,7673.78418,3244565.25,0.099519849,9299.966797,3173755.25,848.0962524,245974.6875
36952,184.0000458,1404558.375,598404544,8454.525391,7633.467773,3252198.75,0.097114518,14141.51953,3187896.75,821.0570679,246795.75
36955,184.0000458,1404558.375,602618240,8454.525391,7633.467773,3275099.25,0.097114518,14141.51953,3230321.25,821.0570679,249258.9219
36955.5,184.0000458,1404558.375,603320512,8454.525391,7633.467773,3278916,0.097114518,14141.51953,3237392.25,821.0570679,249669.4531
36956.125,184.0000458,1404558.375,604198400,8454.525391,7633.467773,3283686.75,0.097114518,14141.51953,3246230.5,821.0570679,250182.6094
36957.10156,184.0000458,1404558.375,605569984,8454.525391,7633.467773,3291141.5,0.097114518,14141.51953,3260040.75,821.0570679,250984.4219
36958.62744,184.0000458,1404558.375,607713216,8454.525391,7633.467773,3302789.25,0.097114518,14141.51953,3281619,821.0570679,252237.25
36958.86588,184.0000458,1404558.375,608048064,8454.525391,7633.467773,3304609,0.097114518,14141.51953,3284990.5,821.0570679,252433.0156
36959.16388,184.0000458,1404558.375,608466688,8454.525391,7633.467773,3306884,0.097114518,14141.51953,3289205,821.0570679,252677.7031
36959.62955,184.0000458,1404558.375,609120704,8454.525391,7633.467773,3310438.75,0.097114518,14141.51953,3295790.25,821.0570679,253060.0313
36960.35715,184.0000458,1404558.375,610142656,8454.525391,7633.467773,3315992.75,0.097114518,14141.51953,3306079.5,821.0570679,253657.4375
36961.49402,184.0000458,1404558.375,611739456,8454.525391,7633.467773,3324671,0.097114518,14141.51953,3322156.5,821.0570679,254590.875
36961.67163,184.0000458,1404558.375,611988928,8454.525391,7633.467773,3326027,0.097114518,14141.51953,3324668.5,821.0570679,254736.7188
36961.89368,184.0000458,1404558.375,612300800,8454.525391,7633.467773,3327722,0.097114518,14141.51953,3327808.5,821.0570679,254919.0313
36962.24063,184.0000458,1404558.375,612788160,8454.525391,7633.467773,3330370.25,0.097114518,14141.51953,3332715,821.0570679,255203.8906
36962.78275,184.0000458,1404558.375,613549568,8454.525391,7633.467773,3334508.5,0.097114518,14141.51953,3340381,821.0570679,255648.9844
36963.62976,184.0000458,1404558.375,614739264,8454.525391,7633.467773,3340974.25,0.097114518,14141.51953,3352359.5,821.0570679,256344.4531
36964.95325,184.0000458,1404558.375,616598144,8454.525391,7633.467773,3351077,0.097114518,14141.51953,3371075.5,821.0570679,257431.1094
36965.16006,184.0000458,1404558.375,616888640,8454.525391,7633.467773,3352655.5,0.097114518,14141.51953,3374000,821.0570679,257600.9063
36965.41855,184.0000458,1404558.375,617251712,8454.525391,7633.467773,3354628.75,0.097114518,14141.51953,3377655.5,821.0570679,257813.1406
36965.82245,184.0000458,1404558.375,617819008,8454.525391,7633.467773,3357712,0.097114518,14141.51953,3383367.25,821.0570679,258144.7656
36966.45352,184.0000458,1404558.375,618705408,8454.525391,7633.467773,3362529.25,0.097114518,14141.51953,3392291.75,821.0570679,258662.9219
36967.43961,184.0000458,1404558.375,620090368,8454.525391,7633.467773,3370056.5,0.097114518,14141.51953,3406236.25,821.0570679,259472.5469
36967.59369,184.0000458,1404558.375,620306816,8454.525391,7633.467773,3371232.75,0.097114518,14141.51953,3408415.25,821.0570679,259599.0469
36967.78629,184.0000458,1404558.375,620577344,8454.525391,7633.467773,3372702.75,0.097114518,14141.51953,3411138.75,821.0570679,259757.1719
36968.08719,184.0000458,1404558.375,621000000,8454.525391,7633.467773,3375000,0.097114518,14141.51953,3415394.25,821.0570679,260004.25
36968.5574,184.0000458,1404558.375,621660416,8454.525391,7633.467773,3378589.25,0.097114518,14141.51953,3422043.5,821.0570679,260390.3125
36969.29208,184.0000458,1404558.375,622692288,8454.525391,7633.467773,3384197.25,0.097114518,14141.51953,3432433.25,821.0570679,260993.5313
36969.40689,184.0000458,1404558.375,622853568,8454.525391,7633.467773,3385073.5,0.097114518,14141.51953,3434056.5,821.0570679,261087.7813
36969.55038,184.0000458,1404558.375,623055104,8454.525391,7633.467773,3386169,0.097114518,14141.51953,3436085.75,821.0570679,261205.6094
36969.77457,184.0000458,1404558.375,623369984,8454.525391,7633.467773,3387880.5,0.097114518,14141.51953,3439256.25,821.0570679,261389.6875
36970.12491,184.0000458,1404558.375,623862080,8454.525391,7633.467773,3390554.75,0.097114518,14141.51953,3444210.5,821.0570679,261677.3281
36970.67227,184.0000458,1404558.375,624630912,8454.525391,7633.467773,3394733,0.097114518,14141.51953,3451951.25,821.0570679,262126.7656
36971.52756,184.0000458,1404558.375,625832192,8454.525391,7633.467773,3401261.75,0.097114518,14141.51953,3464046.25,821.0570679,262829
36971.66119,184.0000458,1404558.375,626019904,8454.525391,7633.467773,3402282,0.097114518,14141.51953,3465936.25,821.0570679,262938.7188
36971.82825,184.0000458,1404558.375,626254528,8454.525391,7633.467773,3403557.25,0.097114518,14141.51953,3468298.5,821.0570679,263075.875
36972.08926,184.0000458,1404558.375,626621120,8454.525391,7633.467773,3405549.5,0.097114518,14141.51953,3471989.5,821.0570679,263290.1875
36972.4971,184.0000458,1404558.375,627193920,8454.525391,7633.467773,3408662.75,0.097114518,14141.51953,3477757,821.0570679,263625.0313
36973.13434,184.0000458,1404558.375,628088960,8454.525391,7633.467773,3413527,0.097114518,14141.51953,3486768.5,821.0570679,264148.25
36974.13,184.0000458,1404558.375,629487488,8454.525391,7633.467773,3421127.5,0.097114518,14141.51953,3500849,821.0570679,264965.75
36975.68576,184.0000458,1404558.375,631672640,8454.525391,7633.467773,3433003.25,0.097114518,14141.51953,3522849.75,821.0570679,266243.125
36975.92886,184.0000458,1404558.375,632014080,8454.525391,7633.467773,3434859,0.097114518,14141.51953,3526287.25,821.0570679,266442.7188
36976.23273,184.0000458,1404558.375,632440832,8454.525391,7633.467773,3437178.5,0.097114518,14141.51953,3530584.25,821.0570679,266692.1875
36976.70749,184.0000458,1404558.375,633107712,8454.525391,7633.467773,3440802.75,0.097114518,14141.51953,3537298.25,821.0570679,267082
36977.44934,184.0000458,1404558.375,634149632,8454.525391,7633.467773,3446465.5,0.097114518,14141.51953,3547789,821.0570679,267691.0938
36977.56525,184.0000458,1404558.375,634312448,8454.525391,7633.467773,3447350.25,0.097114518,14141.51953,3549428.25,821.0570679,267786.2813
36977.71014,184.0000458,1404558.375,634515968,8454.525391,7633.467773,3448456.25,0.097114518,14141.51953,3551477.25,821.0570679,267905.25
36977.93652,184.0000458,1404558.375,634833920,8454.525391,7633.467773,3450184.5,0.097114518,14141.51953,3554678.75,821.0570679,268091.125
36978.29028,184.0000458,1404558.375,635330816,8454.525391,7633.467773,3452884.75,0.097114518,14141.51953,3559681.25,821.0570679,268381.5625
36978.84299,184.0000458,1404558.375,636107136,8454.525391,7633.467773,3457103.75,0.097114518,14141.51953,3567497.5,821.0570679,268835.375
36979.7066,184.0000458,1404558.375,637320128,8454.525391,7633.467773,3463696.25,0.097114518,14141.51953,3579710.25,821.0570679,269544.4375
36980.8533,184.0000458,1404558.375,638930688,8454.525391,7633.467773,3472449.5,0.097114518,14141.51953,3595926.25,821.0570679,270485.9688
36982,184.0000458,1404558.375,640541312,8454.525391,7633.467773,3481202.75,0.097114518,14141.51953,3612142.5,821.0570679,271427.4688
36983,183.9999847,1483148.25,642024448,8911.282227,8060.588867,3489263.5,0.095462508,14274.5625,3626417,850.6933594,272278.1563
36986,183.9999847,1483148.25,646473920,8911.282227,8060.588867,3513445.25,0.095462508,14274.5625,3669240.75,850.6933594,274830.2188
36991,183.9999847,1483148.25,653889664,8911.282227,8060.588867,3553748,0.095462508,14274.5625,3740613.5,850.6933594,279083.6875
36991.5,183.9999847,1483148.25,654631232,8911.282227,8060.588867,3557778.5,0.095462508,14274.5625,3747750.75,850.6933594,279509.0313
36992.125,183.9999847,1483148.25,655558208,8911.282227,8060.588867,3562816.25,0.095462508,14274.5625,3756672.25,850.6933594,280040.7188
36993.10156,183.9999847,1483148.25,657006592,8911.282227,8060.588867,3570688,0.095462508,14274.5625,3770612.25,850.6933594,280871.4688
36994.62744,183.9999847,1483148.25,659269696,8911.282227,8060.588867,3582987.5,0.095462508,14274.5625,3792393.5,850.6933594,282169.5313
36997.01163,183.9999847,1483148.25,662805760,8911.282227,8060.588867,3602205.25,0.095462508,14274.5625,3826426.75,850.6933594,284197.75
37000.73691,183.9999847,1483148.25,668330944,8911.282227,8060.588867,3632233.5,0.095462508,14274.5625,3879603.75,850.6933594,287366.8438
37005.73691,183.9999847,1483148.25,675746688,8911.282227,8060.588867,3672536.25,0.095462508,14274.5625,3950976.5,850.6933594,291620.3125
37008.86847,183.9999847,1483148.25,680391232,8911.282227,8060.588867,3697778.5,0.095462508,14274.5625,3995677.75,850.6933594,294284.2813
37012,183.9999847,1483148.25,685035776,8911.282227,8060.588867,3723020.5,0.095462508,14274.5625,4040379.25,850.6933594,296948.25
37013,184,1502908,686538688,9045.514648,8167.978027,3731188.5,0.097013466,14254.70313,4054634,877.5367432,297825.7813
37016,184,1502908,691047424,9045.514648,8167.978027,3755692.5,0.097013466,14254.70313,4097398,877.5367432,300458.4063
37021,184,1502908,698561920,9045.514648,8167.978027,3796532.25,0.097013466,14254.70313,4168671.5,877.5367432,304846.0938
37026,184,1502908,706076480,9045.514648,8167.978027,3837372.25,0.097013466,14254.70313,4239945,877.5367432,309233.7813
37026.5,184,1502908,706827904,9045.514648,8167.978027,3841456.25,0.097013466,14254.70313,4247072.5,877.5367432,309672.5313
37027.125,184,1502908,707767232,9045.514648,8167.978027,3846561.25,0.097013466,14254.70313,4255981.5,877.5367432,310221
37028.10156,184,1502908,709234944,9045.514648,8167.978027,3854537.75,0.097013466,14254.70313,4269902,877.5367432,311077.9688
37029.62744,184,1502908,711528192,9045.514648,8167.978027,3867001,0.097013466,14254.70313,4291653,877.5367432,312417
37032.01163,184,1502908,715111424,9045.514648,8167.978027,3886475,0.097013466,14254.70313,4325639,877.5367432,314509.1875
37035.73691,184,1502908,720710144,9045.514648,8167.978027,3916903,0.097013466,14254.70313,4378742,877.5367432,317778.2813
37039.36847,184,1502908,726168064,9045.514648,8167.978027,3946565.5,0.097013466,14254.70313,4430508.5,877.5367432,320965.0938
37043,184,1502908,731625920,9045.514648,8167.978027,3976227.75,0.097013466,14254.70313,4482275,877.5367432,324151.9063
37044,184,1502255.25,733128192,9071.745117,8164.430664,3984392.25,0.100015409,14234.87695,4496510,907.3143311,325059.2188
37047,184,1502255.25,737634944,9071.745117,8164.430664,4008885.5,0.100015409,14234.87695,4539214.5,907.3143311,327781.1563
37052,184,1502255.25,745146240,9071.745117,8164.430664,4049707.75,0.100015409,14234.87695,4610389,907.3143311,332317.7188
37057,184,1502255.25,752657472,9071.745117,8164.430664,4090529.75,0.100015409,14234.87695,4681563.5,907.3143311,336854.3125
37062,184,1502255.25,760168768,9071.745117,8164.430664,4131352,0.100015409,14234.87695,4752737.5,907.3143311,341390.875
37067,184,1502255.25,767680064,9071.745117,8164.430664,4172174.25,0.100015409,14234.87695,4823912,907.3143311,345927.4375
37070,184,1502255.25,772186816,9071.745117,8164.430664,4196667.5,0.100015409,14234.87695,4866616.5,907.3143311,348649.375
37073,184,1502255.25,776693568,9071.745117,8164.430664,4221160.5,0.100015409,14234.87695,4909321.5,907.3143311,351371.3125
37074,184,1490822.5,778184384,9055.029297,8102.295898,4229263,0.105215862,14217.63867,4923539,952.732666,352324.0625
37077,184,1490822.5,782656832,9055.029297,8102.295898,4253570,0.105215862,14217.63867,4966192,952.732666,355182.25
37082,184,1490822.5,790110976,9055.029297,8102.295898,4294081.5,0.105215862,14217.63867,5037280,952.732666,359945.9063
37087,184,1490822.5,797565056,9055.029297,8102.295898,4334593,0.105215862,14217.63867,5108368.5,952.732666,364709.5938
37092,184,1490822.5,805019200,9055.029297,8102.295898,4375104.5,0.105215862,14217.63867,5179456.5,952.732666,369473.25
37097,184,1490822.5,812473344,9055.029297,8102.295898,4415616,0.105215862,14217.63867,5250544.5,952.732666,374236.9063
37100.5,184,1490822.5,817691200,9055.029297,8102.295898,4443974,0.105215862,14217.63867,5300306.5,952.732666,377571.4688
37104,184,1490822.5,822909056,9055.029297,8102.295898,4472332,0.105215862,14217.63867,5350068,952.732666,380906.0313
37105,184.0000153,1475753.25,824384832,9053.882813,8020.396973,4480352.5,0.114148356,14205.16797,5364273.5,1033.48584,381939.5313
37108,184.0000153,1475753.25,828812096,9053.882813,8020.396973,4504413.5,0.114148356,14205.16797,5406889,1033.48584,385039.9688
37113,184.0000153,1475753.25,836190848,9053.882813,8020.396973,4544515.5,0.114148356,14205.16797,5477914.5,1033.48584,390207.4063
37118,184.0000153,1475753.25,843569600,9053.882813,8020.396973,4584617.5,0.114148356,14205.16797,5548940.5,1033.48584,395374.8438
37123,184.0000153,1475753.25,850948352,9053.882813,8020.396973,4624719.5,0.114148356,14205.16797,5619966.5,1033.48584,400542.2813
37128,184.0000153,1475753.25,858327168,9053.882813,8020.396973,4664821.5,0.114148356,14205.16797,5690992,1033.48584,405709.6875
37131.5,184.0000153,1475753.25,863492288,9053.882813,8020.396973,4692893,0.114148356,14205.16797,5740710.5,1033.48584,409326.9063
37135,184.0000153,1475753.25,868657408,9053.882813,8020.396973,4720964,0.114148356,14205.16797,5790428.5,1033.48584,412944.0938
37136,184.0000153,1458369.625,870115776,9074.213867,7925.920898,4728890,0.12654461,14194.40723,5804622.5,1148.292847,414092.4063
37139,184.0000153,1458369.625,874490880,9074.213867,7925.920898,4752668,0.12654461,14194.40723,5847206,1148.292847,417537.2813
37144,184.0000153,1458369.625,881782720,9074.213867,7925.920898,4792297.5,0.12654461,14194.40723,5918178,1148.292847,423278.75
37149,184.0000153,1458369.625,889074624,9074.213867,7925.920898,4831927,0.12654461,14194.40723,5989150,1148.292847,429020.1875
37154,184.0000153,1458369.625,896366464,9074.213867,7925.920898,4871556.5,0.12654461,14194.40723,6060122,1148.292847,434761.6563
37159,184.0000153,1458369.625,903658304,9074.213867,7925.920898,4911186.5,0.12654461,14194.40723,6131094,1148.292847,440503.125
37162,184.0000153,1458369.625,908033408,9074.213867,7925.920898,4934964,0.12654461,14194.40723,6173677.5,1148.292847,443948
37165,184.0000153,1458369.625,912408512,9074.213867,7925.920898,4958742,0.12654461,14194.40723,6216260.5,1148.292847,447392.875
37166,183.9999695,1436644.375,913845184,9095.896484,7807.851074,4966549.5,0.141607299,14182.50391,6230443,1288.04541,448680.9375
37169,183.9999695,1436644.375,918155072,9095.896484,7807.851074,4989973,0.141607299,14182.50391,6272990.5,1288.04541,452545.0625
37174,183.9999695,1436644.375,925338304,9095.896484,7807.851074,5029012.5,0.141607299,14182.50391,6343903,1288.04541,458985.2813
37179,183.9999695,1436644.375,932521536,9095.896484,7807.851074,5068052,0.141607299,14182.50391,6414815.5,1288.04541,465425.5313
37184,183.9999695,1436644.375,939704768,9095.896484,7807.851074,5107091,0.141607299,14182.50391,6485728,1288.04541,471865.75
37189,183.9999695,1436644.375,946888000,9095.896484,7807.851074,5146130.5,0.141607299,14182.50391,6556640.5,1288.04541,478305.9688
37192.5,183.9999695,1436644.375,951916224,9095.896484,7807.851074,5173457.5,0.141607299,14182.50391,6606279.5,1288.04541,482814.125
37196,183.9999695,1436644.375,956944512,9095.896484,7807.851074,5200785,0.141607299,14182.50391,6655918,1288.04541,487322.2813
37197,184.0000153,1415105.75,958359616,9140.999023,7690.791016,5208476,0.158648744,14169.09082,6670087.5,1450.20813,488772.5
37200,184.0000153,1415105.75,962604928,9140.999023,7690.791016,5231548.5,0.158648744,14169.09082,6712594.5,1450.20813,493123.125
37205,184.0000153,1415105.75,969680448,9140.999023,7690.791016,5270002.5,0.158648744,14169.09082,6783440,1450.20813,500374.1563
37210,184.0000153,1415105.75,976755968,9140.999023,7690.791016,5308456.5,0.158648744,14169.09082,6854285.5,1450.20813,507625.2188
37215,184.0000153,1415105.75,983831488,9140.999023,7690.791016,5346910,0.158648744,14169.09082,6925131,1450.20813,514876.25
37220,184.0000153,1415105.75,990907008,9140.999023,7690.791016,5385364,0.158648744,14169.09082,6995976.5,1450.20813,522127.2813
37223,184.0000153,1415105.75,995152320,9140.999023,7690.791016,5408436.5,0.158648744,14169.09082,7038483.5,1450.20813,526477.9375
37226,184.0000153,1415105.75,999397632,9140.999023,7690.791016,5431509,0.158648744,14169.09082,7080991,1450.20813,530828.5625
37227,183.9999695,1396986.75,1000794624,9206.719727,7592.320313,5439101.5,0.175350145,14156.07031,7095147,1614.399658,532442.9375
37230,183.9999695,1396986.75,1004985600,9206.719727,7592.320313,5461878,0.175350145,14156.07031,7137615,1614.399658,537286.125
37235,183.9999695,1396986.75,1011970560,9206.719727,7592.320313,5499840,0.175350145,14156.07031,7208395.5,1614.399658,545358.125
37240,183.9999695,1396986.75,1018955456,9206.719727,7592.320313,5537801.5,0.175350145,14156.07031,7279176,1614.399658,553430.125
37245,183.9999695,1396986.75,1025940416,9206.719727,7592.320313,5575763,0.175350145,14156.07031,7349956,1614.399658,561502.125
37250,183.9999695,1396986.75,1032925312,9206.719727,7592.320313,5613724.5,0.175350145,14156.07031,7420736.5,1614.399658,569574.125
37253.5,183.9999695,1396986.75,1037814784,9206.719727,7592.320313,5640298,0.175350145,14156.07031,7470283,1614.399658,575224.5
37257,183.9999695,1396986.75,1042704256,9206.719727,7592.320313,5666871,0.175350145,14156.07031,7519829,1614.399658,580874.9375
37258,183.9999847,1380703.125,1044084928,9276.641602,7503.821777,5674374.5,0.191105768,14143.36816,7533972.5,1772.819702,582647.75
37261,183.9999847,1380703.125,1048227072,9276.641602,7503.821777,5696886,0.191105768,14143.36816,7576402.5,1772.819702,587966.1875
37266,183.9999847,1380703.125,1055130560,9276.641602,7503.821777,5734405.5,0.191105768,14143.36816,7647119.5,1772.819702,596830.3125
37271,183.9999847,1380703.125,1062034112,9276.641602,7503.821777,5771924.5,0.191105768,14143.36816,7717836,1772.819702,605694.375
37276,183.9999847,1380703.125,1068937600,9276.641602,7503.821777,5809443.5,0.191105768,14143.36816,7788553,1772.819702,614558.5
37281,183.9999847,1380703.125,1075841152,9276.641602,7503.821777,5846962.5,0.191105768,14143.36816,7859270,1772.819702,623422.625
37284.5,183.9999847,1380703.125,1080673536,9276.641602,7503.821777,5873226,0.191105768,14143.36816,7908771.5,1772.819702,629627.4375
37288,183.9999847,1380703.125,1085506048,9276.641602,7503.821777,5899489.5,0.191105768,14143.36816,7958273.5,1772.819702,635832.3125
37289,183.9999695,1366783.25,1086872832,9347.445313,7428.170898,5906917.5,0.205326095,14131.55859,7972405,1919.274414,637751.625
37292,183.9999695,1366783.25,1090973184,9347.445313,7428.170898,5929202,0.205326095,14131.55859,8014799.5,1919.274414,643509.4375
37297,183.9999695,1366783.25,1097807104,9347.445313,7428.170898,5966343,0.205326095,14131.55859,8085457.5,1919.274414,653105.8125
37302,183.9999695,1366783.25,1104641024,9347.445313,7428.170898,6003483.5,0.205326095,14131.55859,8156115.5,1919.274414,662702.1875
37307,183.9999695,1366783.25,1111474944,9347.445313,7428.170898,6040624.5,0.205326095,14131.55859,8226773,1919.274414,672298.5625
37311.5,183.9999695,1366783.25,1117625472,9347.445313,7428.170898,6074051.5,0.205326095,14131.55859,8290365,1919.274414,680935.3125
37316,183.9999695,1366783.25,1123776000,9347.445313,7428.170898,6107478,0.205326095,14131.55859,8353957,1919.274414,689572
37317,184,1353819.5,1125129728,9423.155273,7357.714844,6114836,0.219187796,14121.2207,8368078.5,2065.440674,691637.4375
37320,184,1353819.5,1129191296,9423.155273,7357.714844,6136909,0.219187796,14121.2207,8410442,2065.440674,697833.8125
37325,184,1353819.5,1135960320,9423.155273,7357.714844,6173697.5,0.219187796,14121.2207,8481048,2065.440674,708161
37330,184,1353819.5,1142729472,9423.155273,7357.714844,6210486,0.219187796,14121.2207,8551654,2065.440674,718488.1875
37335,184,1353819.5,1149498496,9423.155273,7357.714844,6247274.5,0.219187796,14121.2207,8622260,2065.440674,728815.375
37340,184,1353819.5,1156267648,9423.155273,7357.714844,6284063.5,0.219187796,14121.2207,8692866,2065.440674,739142.625
37343.5,184,1353819.5,1161005952,9423.155273,7357.714844,6309815.5,0.219187796,14121.2207,8742291,2065.440674,746371.625
37347,184,1353819.5,1165744384,9423.155273,7357.714844,6335567.5,0.219187796,14121.2207,8791715,2065.440674,753600.6875
37348,184.0000153,1340575.5,1167084928,9505.333008,7285.73584,6342853,0.233510703,14111.93359,8805827,2219.597168,755820.25
37351,184.0000153,1340575.5,1171106688,9505.333008,7285.73584,6364710,0.233510703,14111.93359,8848163,2219.597168,762479.0625
37356,184.0000153,1340575.5,1177809536,9505.333008,7285.73584,6401139,0.233510703,14111.93359,8918722,2219.597168,773577.0625
37361,184.0000153,1340575.5,1184512384,9505.333008,7285.73584,6437567.5,0.233510703,14111.93359,8989282,2219.597168,784675.0625
37366,184.0000153,1340575.5,1191215360,9505.333008,7285.73584,6473996.5,0.233510703,14111.93359,9059842,2219.597168,795773
37371,184.0000153,1340575.5,1197918208,9505.333008,7285.73584,6510425,0.233510703,14111.93359,9130401,2219.597168,806871
37374,184.0000153,1340575.5,1201939968,9505.333008,7285.73584,6532282,0.233510703,14111.93359,9172737,2219.597168,813529.8125
37377,184.0000153,1340575.5,1205961600,9505.333008,7285.73584,6554139.5,0.233510703,14111.93359,9215073,2219.597168,820188.625
37378,184,1327185.375,1207288832,9589.90918,7212.963867,6561352.5,0.247858956,14103.45801,9229176,2376.944824,822565.5625
37381,184,1327185.375,1211270400,9589.90918,7212.963867,6582991,0.247858956,14103.45801,9271487,2376.944824,829696.375
37386,184,1327185.375,1217906304,9589.90918,7212.963867,6619056,0.247858956,14103.45801,9342004,2376.944824,841581.125
37391,184,1327185.375,1224542208,9589.90918,7212.963867,6655121,0.247858956,14103.45801,9412521,2376.944824,853465.8125
37396,184,1327185.375,1231178112,9589.90918,7212.963867,6691185.5,0.247858956,14103.45801,9483039,2376.944824,865350.5625
37401,184,1327185.375,1237814144,9589.90918,7212.963867,6727250.5,0.247858956,14103.45801,9553556,2376.944824,877235.25
37404.5,184,1327185.375,1242459264,9589.90918,7212.963867,6752496,0.247858956,14103.45801,9602918,2376.944824,885554.5625
37408,184,1327185.375,1247104384,9589.90918,7212.963867,6777741.5,0.247858956,14103.45801,9652280,2376.944824,893873.875
37409,184.0000153,1313087.625,1248417536,9674.830078,7136.344727,6784877.5,0.262380332,14097.01563,9666377,2538.485107,896412.375
37412,184.0000153,1313087.625,1252356736,9674.830078,7136.344727,6806286.5,0.262380332,14097.01563,9708668,2538.485107,904027.8125
37417,184.0000153,1313087.625,1258922112,9674.830078,7136.344727,6841968.5,0.262380332,14097.01563,9779153,2538.485107,916720.25
37422,184.0000153,1313087.625,1265487616,9674.830078,7136.344727,6877650,0.262380332,14097.01563,9849638,2538.485107,929412.6875
37427,184.0000153,1313087.625,1272052992,9674.830078,7136.344727,6913332,0.262380332,14097.01563,9920123,2538.485107,942105.125
37432,184.0000153,1313087.625,1278618496,9674.830078,7136.344727,6949013.5,0.262380332,14097.01563,9990609,2538.485107,954797.5
37435,184.0000153,1313087.625,1282557696,9674.830078,7136.344727,6970422.5,0.262380332,14097.01563,10032900,2538.485107,962413
37438,184.0000153,1313087.625,1286497024,9674.830078,7136.344727,6991831.5,0.262380332,14097.01563,10075191,2538.485107,970028.4375
37439,184,1298352.625,1287795328,9761.552734,7056.26416,6998888,0.27713713,14093.97656,10089285,2705.288574,972733.75
37442,184,1298352.625,1291690368,9761.552734,7056.26416,7020056.5,0.27713713,14093.97656,10131567,2705.288574,980849.5625
37447,184,1298352.625,1298182144,9761.552734,7056.26416,7055338,0.27713713,14093.97656,10202036,2705.288574,994376.0625
37452,184,1298352.625,1304673920,9761.552734,7056.26416,7090619.5,0.27713713,14093.97656,10272506,2705.288574,1007902.5
37457,184,1298352.625,1311165696,9761.552734,7056.26416,7125900.5,0.27713713,14093.97656,10342976,2705.288574,1021428.938
37462,184,1298352.625,1317657472,9761.552734,7056.26416,7161182,0.27713713,14093.97656,10413446,2705.288574,1034955.375
37465.5,184,1298352.625,1322201728,9761.552734,7056.26416,7185879,0.27713713,14093.97656,10462775,2705.288574,1044423.875
37469,184,1298352.625,1326745984,9761.552734,7056.26416,7210576,0.27713713,14093.97656,10512104,2705.288574,1053892.375
37470,184.0000305,1283645.25,1328029568,9851.006836,6976.332031,7217552,0.291815311,14094.3252,10526198,2874.674316,1056767
37473,184.0000305,1283645.25,1331880576,9851.006836,6976.332031,7238481,0.291815311,14094.3252,10568481,2874.674316,1065391.125
37478,184.0000305,1283645.25,1338298752,9851.006836,6976.332031,7273363,0.291815311,14094.3252,10638953,2874.674316,1079764.5
37483,184.0000305,1283645.25,1344716928,9851.006836,6976.332031,7308244.5,0.291815311,14094.3252,10709424,2874.674316,1094137.875
37488,184.0000305,1283645.25,1351135232,9851.006836,6976.332031,7343126,0.291815311,14094.3252,10779896,2874.674316,1108511.25
37493,184.0000305,1283645.25,1357553408,9851.006836,6976.332031,7378008,0.291815311,14094.3252,10850368,2874.674316,1122884.625
37496.5,184.0000305,1283645.25,1362046208,9851.006836,6976.332031,7402425,0.291815311,14094.3252,10899698,2874.674316,1132945.875
37500,184.0000305,1283645.25,1366539008,9851.006836,6976.332031,7426842,0.291815311,14094.3252,10949028,2874.674316,1143007.25
37501,183.9999847,1270394.625,1367809280,9940.084961,6904.319336,7433746.5,0.305406421,14097.19922,10963125,3035.765625,1146043
37504,183.9999847,1270394.625,1371620480,9940.084961,6904.319336,7454459.5,0.305406421,14097.19922,11005417,3035.765625,1155150.375
37509,183.9999847,1270394.625,1377972480,9940.084961,6904.319336,7488981,0.305406421,14097.19922,11075903,3035.765625,1170329.125
37514,183.9999847,1270394.625,1384324480,9940.084961,6904.319336,7523502.5,0.305406421,14097.19922,11146389,3035.765625,1185508
37519,183.9999847,1270394.625,1390676480,9940.084961,6904.319336,7558024,0.305406421,14097.19922,11216875,3035.765625,1200686.875
37524,183.9999847,1270394.625,1397028480,9940.084961,6904.319336,7592546,0.305406421,14097.19922,11287361,3035.765625,1215865.625
37527,183.9999847,1270394.625,1400839552,9940.084961,6904.319336,7613258.5,0.305406421,14097.19922,11329652,3035.765625,1224973
37530,183.9999847,1270394.625,1404650752,9940.084961,6904.319336,7633971.5,0.305406421,14097.19922,11371944,3035.765625,1234080.25
37531,184,1257908.625,1405908736,10023.30762,6836.459961,7640808,0.317943722,14102.32617,11386046,3186.8479,1237267.125
37534,184,1257908.625,1409682432,10023.30762,6836.459961,7661317.5,0.317943722,14102.32617,11428353,3186.8479,1246827.625
37539,184,1257908.625,1415971968,10023.30762,6836.459961,7695500,0.317943722,14102.32617,11498865,3186.8479,1262761.875
37544,184,1257908.625,1422261504,10023.30762,6836.459961,7729682,0.317943722,14102.32617,11569377,3186.8479,1278696.125
37549,184,1257908.625,1428551040,10023.30762,6836.459961,7763864.5,0.317943722,14102.32617,11639888,3186.8479,1294630.375
37554,184,1257908.625,1434840576,10023.30762,6836.459961,7798046.5,0.317943722,14102.32617,11710400,3186.8479,1310564.625
37557.5,184,1257908.625,1439243264,10023.30762,6836.459961,7821974.5,0.317943722,14102.32617,11759758,3186.8479,1321718.625
37561,184,1257908.625,1443645952,10023.30762,6836.459961,7845902,0.317943722,14102.32617,11809116,3186.8479,1332872.5
37562,183.9999847,1246060,1444892032,10101.41504,6772.065918,7852674,0.329592317,14108.70313,11823225,3329.348633,1336201.875
37565,183.9999847,1246060,1448630144,10101.41504,6772.065918,7872990,0.329592317,14108.70313,11865551,3329.348633,1346190
37570,183.9999847,1246060,1454860544,10101.41504,6772.065918,7906850.5,0.329592317,14108.70313,11936094,3329.348633,1362836.625
37575,183.9999847,1246060,1461090816,10101.41504,6772.065918,7940711,0.329592317,14108.70313,12006638,3329.348633,1379483.375
37580,183.9999847,1246060,1467321088,10101.41504,6772.065918,7974571,0.329592317,14108.70313,12077181,3329.348633,1396130.125
37585,183.9999847,1246060,1473551360,10101.41504,6772.065918,8008431.5,0.329592317,14108.70313,12147725,3329.348633,1412776.875
37588,183.9999847,1246060,1477289600,10101.41504,6772.065918,8028747.5,0.329592317,14108.70313,12190051,3329.348633,1422765
37591,183.9999847,1246060,1481027712,10101.41504,6772.065918,8049064,0.329592317,14108.70313,12232377,3329.348633,1432753
37592,183.9999847,1234778.125,1482262528,10174.35254,6710.750977,8055774.5,0.340424776,14116.23242,12246493,3463.601807,1436216.625
37595,183.9999847,1234778.125,1485966848,10174.35254,6710.750977,8075907,0.340424776,14116.23242,12288842,3463.601807,1446607.375
37600,183.9999847,1234778.125,1492140800,10174.35254,6710.750977,8109460.5,0.340424776,14116.23242,12359423,3463.601807,1463925.375
37605,183.9999847,1234778.125,1498314624,10174.35254,6710.750977,8143014.5,0.340424776,14116.23242,12430004,3463.601807,1481243.375
37610,183.9999847,1234778.125,1504488576,10174.35254,6710.750977,8176568,0.340424776,14116.23242,12500586,3463.601807,1498561.375
37615,183.9999847,1234778.125,1510662400,10174.35254,6710.750977,8210122,0.340424776,14116.23242,12571167,3463.601807,1515879.5
37618,183.9999847,1234778.125,1514366720,10174.35254,6710.750977,8230254,0.340424776,14116.23242,12613515,3463.601807,1526270.25
37621,183.9999847,1234778.125,1518071040,10174.35254,6710.750977,8250386.5,0.340424776,14116.23242,12655864,3463.601807,1536661
37622,183.9999847,1234778.125,1519305856,10174.35254,6710.750977,8257097,0.340424776,14116.23242,12669980,3463.601807,1540124.625
37623,183.9999847,1234778.125,1520540672,10174.35254,6710.750977,8263808,0.340424776,14116.23242,12684097,3463.601807,1543588.25
