Date,GOR,GPR,GPT,LPR,OIP,OPR,OPT,PRESSURE,VPR,VPT,WCT,WGR,WIP,WIR,WIT,WPR,WPT
36526,0,0,0,0,28353970,0,0,306.4155579,0,0,0,0,343435584,0,0,0,0
36527,0,0,0,0,28353970,0,0,306.4155579,0,0,0,0,343435584,0,0,0,0
36530,0,0,0,0,28353970,0,0,306.4155579,0,0,0,0,343435584,0,0,0,0
36530.5,0,0,0,0,28353970,0,0,306.4155579,0,0,0,0,343435584,0,0,0,0
36531.125,0,0,0,0,28353970,0,0,306.4155579,0,0,0,0,343435584,0,0,0,0
36532.10156,0,0,0,0,28353970,0,0,306.4155579,0,0,0,0,343435584,0,0,0,0
36533.62744,0,0,0,0,28353970,0,0,306.4155579,0,0,0,0,343435584,0,0,0,0
36536.01163,0,0,0,0,28353970,0,0,306.4155579,0,0,0,0,343435584,0,0,0,0
36539.73692,0,0,0,0,28353970,0,0,306.4155579,0,0,0,0,343435584,0,0,0,0
36544.73692,0,0,0,0,28353970,0,0,306.4155579,0,0,0,0,343435584,0,0,0,0
36549.73692,0,0,0,0,28353970,0,0,306.4155579,0,0,0,0,343435584,0,0,0,0
36553.36846,0,0,0,0,28353970,0,0,306.4155579,0,0,0,0,343435584,0,0,0,0
36553.73161,0,0,0,0,28353970,0,0,306.4155579,0,0,0,0,343435584,0,0,0,0
36554.18556,0,0,0,0,28353970,0,0,306.4155579,0,0,0,0,343435584,0,0,0,0
36554.89484,0,0,0,0,28353970,0,0,306.4155579,0,0,0,0,343435584,0,0,0,0
36555.94742,0,0,0,0,28353970,0,0,306.4154968,0,0,0,0,343435584,0,0,0,0
36557,0,0,0,0,28353970,0,0,306.4154968,0,0,0,0,343435584,0,0,0,0
36558,184,1883415.75,1883415.75,12873.15625,28343734,10235.95508,10235.95508,305.5670776,19045.25781,19045.25781,0.204860479,0.001400222,343437792,4827.585938,4827.585938,2637.200928,2637.200928
36558.23277,184,1888377.625,2322967.75,12858.79688,28341344,10262.92188,12624.82422,305.3742371,19049.54297,23479.36133,0.201875389,0.001374659,343438304,4827.585938,5951.288574,2595.874512,3241.434814
36558.52373,184,1892167.125,2873510.25,12847.61133,28338352,10283.5166,15616.90332,305.1373291,19050.51758,29022.27734,0.19957754,0.00135511,343438976,4827.585938,7355.916992,2564.094727,3987.480469
36558.97835,184,1896578,3735738.25,12834.59473,28333666,10307.48926,20302.92578,304.7759399,19051.71484,37683.625,0.196897924,0.001332455,343440000,4827.585938,9550.648438,2527.10498,5136.36084
36559.6887,184,1902268.75,5087012,12817.81836,28326322,10338.41699,27646.80469,304.2302856,19053.53906,51218.27734,0.193433926,0.001303392,343441696,4827.585938,12979.91699,2479.400879,6897.599609
36560.79862,184,1909801.375,7206738,12795.62891,28314802,10379.35547,39167.05469,303.4176636,19056.29688,72369.23438,0.188835889,0.001265197,343444352,4827.585938,18338.14844,2416.27417,9579.469727
36560.97204,184,1910978.25,7538149,12792.46777,28313000,10385.75195,40968.20313,303.2916565,19060.40625,75674.78125,0.1881354,0.001259416,343444768,4827.585938,19175.37305,2406.71582,9996.853516
36561.18882,184,1912378.5,7952717,12788.34863,28310740,10393.36133,43221.28906,303.1355896,19061.04297,79806.85938,0.187278867,0.001252361,343445312,4827.585938,20221.90234,2394.987549,10516.04199
36561.52754,184,1914513,8601202,12782.05469,28307214,10404.96191,46745.66016,302.8951416,19061.83398,86263.49219,0.185971081,0.001241617,343446144,4827.585938,21857.10547,2377.092529,11321.21191
36562.05679,184,1917708.625,9616151,12772.63184,28301698,10422.3291,52261.6875,302.5269165,19063.05078,96352.63281,0.184010789,0.001225578,343447456,4827.585938,24412.10938,2350.302002,12565.11133
36562.88375,184,1922377.625,11205870,12758.86426,28293058,10447.7041,60901.46484,301.9683228,19064.91211,112118.4453,0.181141555,0.001202241,343449536,4827.585938,28404.30273,2311.1604,14476.33594
36564.17587,184,1928993,13698353,12739.36328,28279512,10483.65723,74447.57031,301.1297913,19067.73828,136756.1875,0.177065805,0.00116937,343452864,4827.585938,34642.10547,2255.705566,17390.9707
36566.1948,184,1937773.25,17610586,12713.49316,28258250,10531.37695,95709.70313,299.8847046,19071.98438,175261.2188,0.171637818,0.001126095,343458208,4827.585938,44388.67188,2182.116211,21796.51367
36569.34938,184,1948801.875,23758240,12681.02637,28224838,10591.31445,129120.8672,298.0532532,19078.29102,235445.2344,0.164790422,0.001072306,343466848,4827.585938,59617.68359,2089.71167,28388.67969
36569.84228,184,1950522.875,24719658,12676.52344,28219614,10600.66797,134345.9688,297.7697449,19087.57617,244853.5781,0.163755909,0.001064256,343468192,4827.585938,61997.21875,2075.855713,29411.875
36570.45841,184,1952442.25,25922614,12670.88281,28213076,10611.09961,140883.7813,297.4190979,19089.01367,256614.875,0.162560388,0.001054978,343469920,4827.585938,64971.63281,2059.783691,30680.96875
36571.42111,184,1955211.875,27804900,12662.72168,28202846,10626.15137,151113.5938,296.8797607,19090.79297,274993.5938,0.160831898,0.001041611,343472576,4827.585938,69619.15625,2036.56958,32641.57813
36572.92533,184,1958984.25,30751646,12651.61816,28186830,10646.65332,167128.5156,296.0563354,19093.5293,303714.5,0.158474997,0.001023472,343476832,4827.585938,76880.92188,2004.965088,35657.48828
36573.16037,184,1959574,31212214,12650.12598,28184328,10649.8584,169631.6094,295.9282837,19097.70898,308203.125,0.158122301,0.001020766,343477504,4827.585938,78015.57031,2000.266968,36127.62109
36573.45416,184,1960261.5,31788126,12648.11035,28181196,10653.59473,172761.5625,295.7689819,19098.35938,313814.0938,0.15769276,0.001017474,343478336,4827.585938,79433.88281,1994.515381,36713.59766
36573.91322,184,1961313.25,32688472,12645.01465,28176302,10659.31152,177654.7344,295.5216675,19099.16992,322581.625,0.157034472,0.001012436,343479648,4827.585938,81649.99219,1985.703247,37625.13672
36574.63048,184,1962876,34096380,12640.41602,28168650,10667.80469,185306.4219,295.1391907,19100.42578,336281.75,0.156055957,0.00100496,343481696,4827.585938,85112.67188,1972.612305,39040.03125
36575.75122,184,1964969.25,36298584,12634.27148,28156682,10679.18066,197274.9219,294.5498352,19102.36719,357690.4063,0.154745057,0.000994973,343484896,4827.585938,90523.10156,1955.091064,41231.16406
36577.50236,184,1967849.25,39744572,12625.83203,28137954,10694.83301,216003.1094,293.6463623,19105.36328,391146.625,0.152940303,0.000981274,343489984,4827.585938,98976.89844,1930.998413,44612.62109
36580.23852,184,1971278,45138312,12615.83691,28108640,10713.4668,245316.9063,292.2713013,19109.95508,443434.5938,0.150792226,0.000965044,343497984,4827.585938,112185.9609,1902.370117,49817.81641
36583.11926,184,1973925.125,50824676,12608.31934,28077736,10727.85352,276221.0625,290.8605652,19116.94922,498505.5313,0.149144799,0.000952653,343506464,4827.585938,126092.9766,1880.465332,55234.94531
36586,184,1975821.25,56516500,12603.05273,28046802,10738.15918,307154.875,289.4801636,19124.12891,553597.125,0.147971615,0.000943858,343515008,4827.585938,140000,1864.894043,60607.21875
36586.1,184,2008603.5,56717360,12800.57813,28045710,10916.32324,308246.5313,289.4307251,19436.19531,555540.75,0.147200748,0.000938092,343515328,5000,140500,1884.254517,60795.64453
36586.225,184,2008741,56968452,12800.17969,28044346,10917.07031,309611.1563,289.3692627,19436.45117,557970.3125,0.147115812,0.000937457,343515712,5000,141125,1883.108887,61031.03125
36586.42031,184,2008911.625,57360816,12799.68555,28042212,10917.99805,311743.5625,289.2736206,19436.76953,561766.5625,0.14701046,0.00093667,343516320,5000,142101.5625,1881.687622,61398.55078
36586.72549,184,2009131.5,57973956,12799.05371,28038880,10919.19238,315075.8438,289.1247864,19437.26563,567698.375,0.146875024,0.000935659,343517280,5000,143627.4375,1879.861328,61972.23828
36587.20232,184,2009428,58932124,12798.20801,28033666,10920.80469,320283.2813,288.8934631,19438.03711,576967.125,0.146692649,0.000934297,343518784,5000,146011.625,1877.403076,62867.45313
36587.94738,184,2009813.125,60429552,12797.12109,28025528,10922.89746,328421.5,288.5345764,19439.23633,591450.5,0.146456629,0.000932536,343521088,5000,149736.9063,1874.223145,64263.85938
36589.11154,184,2010310,62769864,12795.73535,28012808,10925.59766,341140.5625,287.9797974,19441.0957,614082.875,0.146153241,0.000930274,343524736,5000,155557.6719,1870.138306,66440.98438
36590.93053,184,2010767.5,66427428,12794.52734,27992930,10928.08496,361018.625,287.1257019,19443.97266,649451.3125,0.14587824,0.000928224,343530432,5000,164652.625,1866.443115,69836.02344
36593.7727,184,2011077.375,72143256,12793.85352,27961866,10929.76855,392082.9063,285.8165588,19448.40234,704727,0.145701617,0.000926909,343539360,5000,178863.4844,1864.085083,75134.07813
36598.21359,184,2011005.375,81073912,12794.4668,27913330,10929.37695,440619.0938,283.8257751,19455.19727,791125.375,0.145773202,0.000927442,343553280,5000,201067.9375,1865.090454,83416.74219
36603.21359,183.561203,2006946.5,91108640,12807.70508,27858662,10933.3916,495286.0313,281.6570129,19465.62305,888453.5,0.14634265,0.000933913,343568896,5000,226067.9375,1874.313477,92788.30469
36608.21359,182.9378815,2000494.125,101111112,12828.49414,27803986,10935.37402,549962.9375,279.5774536,19477.5918,985841.5,0.147571534,0.000946327,343584448,5000,251067.9375,1893.120728,102253.9141
36612.6068,182.4589844,1994475.375,109873256,12847.77734,27755964,10931.08887,597985.4375,277.8216248,19489.08398,1071461,0.149184495,0.000960999,343597984,5000,273033.9688,1916.689209,110674.3203
36617,181.56987,1983807,118588528,12880.9834,27707964,10925.86035,645985,276.1233826,19498.90625,1157123.75,0.15178369,0.000985541,343611360,5000,295000,1955.123169,119263.5781
36618,182.9979248,1703443.75,120291968,10954.2373,27698656,9308.541016,655293.5,275.8256226,16641.92969,1173765.625,0.150233731,0.000966099,343614720,5000,300000,1645.695923,120909.2734
36620.99377,183.0864716,1704763.5,125395632,10950.24121,27670780,9311.24707,683169.1875,274.9871216,16643.22266,1223591.625,0.149676487,0.00096142,343624768,5000,314968.8125,1638.993652,125816.0391
36625.99377,182.9472656,1706079.75,133926032,10946.53027,27624152,9325.52832,729796.875,273.6367188,16647.09375,1306827,0.148083702,0.000950133,343641664,5000,339968.8125,1621.002808,133921.0469
36630.99377,182.7427979,1707388.875,142462976,10943.04199,27577436,9343.125977,776512.5,272.313385,16653.5625,1390094.875,0.14620398,0.000937054,343658688,5000,364968.8125,1599.91626,141920.625
36635.99377,182.5089111,1708552.25,151005744,10939.99609,27530628,9361.473633,823319.8125,271.0098267,16660.0332,1473395,0.144289166,0.000923895,343675776,5000,389968.8125,1578.522949,149813.25
36640.99377,182.2605743,1708923.625,159550352,10939.34082,27483748,9376.266602,870201.1875,269.721405,16666.49609,1556727.5,0.142885655,0.000914655,343692960,5000,414968.8125,1563.074829,157628.625
36643.99688,182.1063995,1709088.75,164682944,10939.29004,27455562,9385.110352,898385.75,268.9523315,16672.95313,1606798.375,0.142073125,0.000909361,343703328,5000,429984.4063,1554.179077,162296
36647,181.9472961,1709109.75,169815600,10940.06543,27427354,9393.433594,926595.3125,268.1887512,16676.83594,1656880.875,0.141373202,0.000904934,343713696,5000,445000,1546.631958,166940.7188
36648,182.4979401,1482177.25,171297776,9433.856445,27419232,8121.610352,934716.9375,268.0224304,14410.94922,1671291.75,0.139099628,0.00088535,343717376,5000,450000,1312.245972,168252.9688
36651,182.5312195,1483483.875,175748240,9429.892578,27394850,8127.288086,959098.8125,267.5088501,14411.59766,1714526.625,0.138135716,0.000878072,343728448,5000,465000,1302.60498,172160.7813
36656,182.4838715,1485698.5,183176720,9423.243164,27354142,8141.533203,999806.5,266.6222534,14413.70605,1786595.125,0.136015832,0.000862699,343747040,5000,490000,1281.710327,178569.3281
36661,182.4165955,1487849,190615968,9416.885742,27313360,8156.324219,1040588.125,265.7236328,14417.46484,1858682.375,0.133861855,0.000847238,343765760,5000,515000,1260.56189,184872.1406
36666,182.3441925,1489916.5,198065552,9410.974609,27272506,8170.902344,1081442.625,264.8252869,14421.37012,1930789.25,0.131768689,0.000832309,343784544,5000,540000,1240.071777,191072.5
36671,182.2706604,1491840.5,205524752,9405.625977,27231582,8184.753906,1122366.375,263.9329529,14425.37988,2002916.125,0.129802272,0.000818366,343803456,5000,565000,1220.871582,197176.8594
36674.5,182.220108,1493095.75,210750592,9402.241211,27202904,8193.913086,1151045.125,263.313385,14429.46582,2053419.25,0.128514916,0.000809277,343816704,5000,582500,1208.328247,201406
36674.85001,182.2150879,1493236.75,211273216,9402.018555,27200036,8194.912109,1153913.25,263.2516174,14432.35449,2058470.625,0.128387988,0.000808382,343818048,5000,584250,1207.106323,201828.5
36675.28751,182.208847,1493386.125,211926576,9401.604492,27196450,8196.012695,1157499,263.1744995,14432.64355,2064784.875,0.128232509,0.000807287,343819712,5000,586437.5,1205.591309,202355.9375
36675.9711,182.1991272,1493610.375,212947600,9400.979492,27190846,8197.681641,1163102.875,263.0540161,14433.00586,2074651.25,0.127997085,0.00080563,343822304,5000,589855.4375,1203.297974,203178.5
36676.98555,182.1842804,1493944.625,214463136,9400.053711,27182528,8200.183594,1171421.625,262.8754578,14433.57324,2089293.375,0.127645046,0.000803156,343826144,5000,594927.75,1199.870361,204395.7188
36678,182.1694489,1494273.875,215979008,9399.163086,27174206,8202.65918,1179742.875,262.6971436,14434.41699,2103936.5,0.127299011,0.000800726,343830016,5000,600000,1196.504272,205609.5156
36679,181.7156219,1352685.125,217331696,8597.060547,27166762,7443.967285,1187186.875,262.6350708,13158.18164,2117094.5,0.134126455,0.000852448,343838688,9833.333008,609833.3125,1153.093262,206762.6094
36682,181.6448822,1352538.375,221389312,8597.772461,27144424,7446.058594,1209525,262.5510864,13158.53418,2156570.25,0.133954957,0.000851521,343864736,9833.333008,639333.3125,1151.714355,210217.75
36687,181.6486969,1353213.75,228155376,8595.775391,27107176,7449.620117,1246773.125,262.4789734,13159.02148,2222365.25,0.13333942,0.000846988,343908160,9833.333008,688500,1146.155762,215948.5313
36692,181.7509766,1354331.375,234927040,8592.072266,27069918,7451.577148,1284031,262.4211731,13159.23438,2288161.5,0.132738069,0.000842109,343951648,9833.333008,737666.625,1140.495117,221651
36697,181.917572,1355704.5,241705552,8587.34082,27032656,7452.30127,1321292.5,262.3389893,13159.20117,2353957.5,0.132175982,0.000837233,343995136,9833.333008,786833.3125,1135.040161,227326.2031
36702,182.1276398,1357093.75,248491024,8582.369141,26995400,7451.333496,1358549.125,262.2351074,13159.03418,2419752.75,0.131785959,0.000833425,344038656,9833.333008,836000,1131.035767,232981.3906
36705,182.2689514,1357942.125,252564848,8579.527344,26973050,7450.210938,1380899.75,262.1700439,13158.79297,2459229,0.131629214,0.000831638,344064768,9833.333008,865500,1129.316406,236369.3438
36708,182.4239502,1358933.75,256641648,8576.400391,26950702,7449.316895,1403247.75,262.1049194,13158.63086,2498705,0.131416917,0.000829389,344090880,9833.333008,895000,1127.084229,239750.5938
36709,181.7641296,1329698.75,257971360,8536.068359,26943386,7315.518066,1410563.25,262.1144714,13024.19141,2511729.25,0.142987415,0.000917915,344099328,9665.691406,904665.6875,1220.550293,240971.1406
36712,181.7950592,1329021.875,261958416,8538.124023,26921454,7310.550293,1432494.875,262.1013489,13024.11719,2550801.5,0.143775627,0.000923667,344124640,9665.691406,933662.75,1227.574219,244653.8594
36717,181.9972839,1329321.75,268605024,8537.154297,26884934,7304.074707,1469015.25,262.0357666,13024.00293,2615921.5,0.144436896,0.000927601,344166784,9665.691406,981991.1875,1233.080078,250819.2656
36722,182.2426453,1330106,275255552,8534.664063,26848442,7298.544434,1505508,261.9517517,13023.97559,2681041.5,0.144835204,0.000929339,344208960,9665.691406,1030319.625,1236.119873,256999.8594
36727,182.4956818,1331086.875,281911008,8531.567383,26811972,7293.798828,1541977,261.8529358,13024.05273,2746161.75,0.145080999,0.000929893,344251072,9665.691406,1078648.125,1237.768311,263188.6875
36732,182.7372131,1332133,288571648,8528.264648,26775522,7289.883789,1578426.375,261.7436829,13024.20605,2811282.75,0.145209029,0.000929623,344293216,9665.691406,1126976.625,1238.381104,269380.5938
36735.5,182.8944092,1332808.375,293236480,8526.117188,26750018,7287.310547,1603932,261.6626282,13024.42285,2856868.25,0.145295486,0.000929471,344322720,9665.691406,1160806.5,1238.806396,273716.4375
36739,183.0469208,1333560.125,297903936,8523.743164,26724518,7285.346191,1629430.75,261.5765076,13024.60059,2902454.25,0.145287916,0.00092864,344352224,9665.691406,1194636.375,1238.396729,278050.8125
36740,183.0653076,1256513.25,299160448,8058.723633,26717648,6863.743652,1636294.5,261.585022,12300.7207,2914755,0.148284048,0.000951029,344360480,9445.529297,1204081.875,1194.980103,279245.8125
36743,183.2104645,1257135.375,302931872,8056.763184,26697064,6861.700684,1656879.5,261.5825195,12300.69141,2951657,0.148330361,0.000950624,344385216,9445.529297,1232418.5,1195.0625,282831
36748,183.4295349,1258420.25,309223968,8052.735352,26662760,6860.510742,1691182.125,261.536499,12300.70117,3013160.5,0.148052156,0.000947398,344426496,9445.529297,1279646.125,1192.224976,288792.125
36753,183.6329498,1259812.25,315523040,8048.379883,26628458,6860.491699,1725484.625,261.4658813,12300.8584,3074664.75,0.147593483,0.000942909,344467776,9445.529297,1326873.875,1187.888428,294731.5625
36758,183.823761,1261278.125,321829408,8043.797363,26594152,6861.344238,1759791.25,261.3791809,12301.10156,3136170.25,0.147001803,0.000937504,344509088,9445.529297,1374101.5,1182.452759,300643.8125
36763,184.0033112,1262794.75,328143392,8039.056641,26559836,6862.891602,1794105.75,261.2801208,12301.39941,3197677.25,0.146306351,0.000931398,344550432,9445.529297,1421329.125,1176.165039,306524.6563
36766.5,184.1136932,1263706.5,332566368,8035.210938,26535814,6863.729492,1818128.75,261.2061462,12301.74023,3240733.5,0.145793498,0.00092702,344579392,9445.529297,1454388.5,1171.481445,310624.8125
36770,184.212326,1264582.75,336992416,8031.496094,26511788,6864.811035,1842155.625,261.1276245,12301.99414,3283790.5,0.145263731,0.000922585,344608384,9445.529297,1487447.875,1166.685181,314708.2188
36771,184.2972565,1198256.625,338190656,7617.676758,26505286,6501.760742,1848657.375,261.134613,11665.55566,3295456,0.146490335,0.000931283,344616640,9386.418945,1496834.25,1115.916138,315824.1563
36774,184.4186859,1199085.875,341787936,7613.918457,26485780,6501.976074,1868163.375,261.1378479,11665.5332,3330452.5,0.146040753,0.000927325,344641472,9386.418945,1524993.5,1111.942383,319159.9688
36779,184.5860138,1200526.875,347790560,7607.826172,26453260,6503.888672,1900682.75,261.1123352,11665.52246,3388780.25,0.145105526,0.000919544,344682880,9386.418945,1571925.625,1103.937622,324679.6563
36784,184.7381134,1201928.375,353800192,7602.010254,26420730,6506.120117,1933213.375,261.0661926,11665.60547,3447108.25,0.144157961,0.000911777,344724320,9386.418945,1618857.75,1095.890259,330159.0938
36789,184.8796387,1203275.625,359816576,7596.464355,26388188,6508.426758,1965755.5,261.0053711,11665.75586,3505437,0.143229455,0.00090423,344765824,9386.418945,1665789.75,1088.037354,335599.2813
36794,185.0104218,1204550.75,365839328,7591.243164,26355634,6510.718262,1998309.125,260.9322815,11665.95313,3563766.75,0.14233835,0.000897036,344807360,9386.418945,1712721.875,1080.525146,341001.9063
36797,185.0861359,1205320,369455296,7588.125977,26336096,6512.210938,2017845.75,260.8845825,11666.19141,3598765.25,0.141789272,0.000892638,344832288,9386.418945,1740881.125,1075.914795,344229.6563
36800,185.1584015,1206059,373073472,7585.132813,26316556,6513.660645,2037386.75,260.8334045,11666.34668,3633764.5,0.141259536,0.000888408,344857216,9386.418945,1769040.375,1071.472412,347444.0938
36801,185.2479858,1154033.75,374227488,7260.61377,26310326,6229.669922,2043616.375,260.8398132,11166.9082,3644931.25,0.141991287,0.000893339,344865536,9343.804688,1778384.25,1030.943848,348475.0313
36804,185.3466339,1154732.625,377691712,7257.520996,26291636,6230.124512,2062306.75,260.845459,11166.8877,3678432,0.141563028,0.000889727,344890496,9343.804688,1806415.625,1027.396606,351557.2188
36809,185.4087524,1155473.75,383469056,7254.647949,26260476,6232.03418,2093466.875,260.8308411,11166.87109,3734266.25,0.140959829,0.000885017,344932096,9343.804688,1853134.625,1022.613892,356670.2813
36814,185.4699249,1156152.75,389249824,7251.973145,26229308,6233.640137,2124635.25,260.7992859,11166.91602,3790101,0.14042148,0.000880794,344973728,9343.804688,1899853.625,1018.332764,361761.9375
36819,185.5323944,1156790.375,395033792,7249.412598,26198132,6234.977539,2155810,260.7552185,11167.01367,3845936,0.139933392,0.000876939,345015360,9343.804688,1946572.75,1014.434937,366834.125
36824,185.5063934,1156855.5,400818048,7249.459473,26166952,6236.203125,2186991,260.7025757,11167.15039,3901771.75,0.139769971,0.000875871,345057024,9343.804688,1993291.75,1013.256775,371900.4063
36827.5,185.3990173,1156349.875,404865280,7252.042969,26145122,6237.087891,2208820.75,260.6629333,11167.31445,3940857.25,0.139954343,0.000877723,345086176,9343.804688,2025995,1014.954834,375452.75
36831,185.3141327,1155909.25,408910976,7254.210449,26123290,6237.566406,2230652.25,260.6194458,11167.4375,3979943.25,0.140145347,0.000879519,345115328,9343.804688,2058698.375,1016.643738,379011
36832,185.3294067,1115186.5,410026144,7004.044434,26117274,6017.320313,2236669.75,260.6257629,10779.86523,3990723.25,0.140879154,0.000884806,345123648,9309.646484,2068008,986.7238159,379997.7188
36835,185.2981567,1114902.25,413370848,7005.20752,26099222,6016.801758,2254720,260.6326294,10779.8457,4023062.75,0.141095847,0.00088654,345148608,9309.646484,2095936.875,988.4057007,382962.9375
36840,185.2548676,1114570.625,418943712,7006.626953,26069140,6016.416992,2284802.25,260.6237488,10779.8252,4076962,0.141324744,0.000888423,345190208,9309.646484,2142485.25,990.2097778,387914
36845,185.2256012,1114277.75,424515104,7007.796387,26039062,6015.787598,2314881,260.6010437,10779.85156,4130861.25,0.141557917,0.000890271,345231776,9309.646484,2189033.5,992.0090942,392874.0313
36850,185.2074432,1114000.5,430085088,7008.814941,26008988,6014.879883,2344955.5,260.5680847,10779.91992,4184760.75,0.14181219,0.000892222,345273376,9309.646484,2235581.75,993.9353638,397843.7188
36855,185.1984863,1113715.375,435653696,7009.772949,25978920,6013.631348,2375023.5,260.526886,10780.01758,4238661,0.142107576,0.000894431,345314944,9309.646484,2282129.75,996.1419067,402824.4375
36858,185.1957245,1113532.25,438994272,7010.360352,25960880,6012.731934,2393061.75,260.4995728,10780.14063,4271001,0.142307684,0.000895913,345339872,9309.646484,2310058.75,997.6281128,405817.3125
36861,185.1947327,1113309.75,442334208,7011.052734,25942846,6011.562988,2411096.5,260.4700317,10780.22266,4303342,0.142559156,0.000897764,345364800,9309.646484,2337987.75,999.4898071,408815.7813
36862,185.2241821,1081796.75,443416000,6816.415527,25937006,5840.472168,2416937,260.4747314,10479.38281,4313821.5,0.143175453,0.00090215,345373120,9284.40625,2347272.25,975.9434204,409791.7188
36865,185.2447205,1081588.625,446660768,6816.870605,25919490,5838.70166,2434453,260.4797363,10479.36914,4345259.5,0.143492356,0.000904382,345398016,9284.40625,2375125.25,978.1688232,412726.2188
36870,185.2651367,1081249,452067008,6817.730957,25890308,5836.225098,2463634.25,260.4725647,10479.35449,4397656,0.143963769,0.000907752,345439552,9284.40625,2421547.5,981.5062866,417633.75
36875,185.2830963,1080854.5,457471296,6818.782227,25861140,5833.530273,2492801.75,260.454834,10479.375,4450053,0.144490927,0.000911549,345481024,9284.40625,2467969.5,985.2521362,422560.0313
36880,185.3003693,1080387.25,462873216,6820.0625,25831988,5830.464844,2521954.25,260.4295044,10479.42676,4502450,0.145100996,0.000915966,345522496,9284.40625,2514391.5,989.5978394,427508
36885,185.317337,1079859,468272512,6821.53418,25802854,5827.07959,2551089.5,260.3983154,10479.5,4554847.5,0.145781636,0.000920911,345563968,9284.40625,2560813.5,994.4544067,432480.2813
36888.5,185.3296051,1079422.125,472050496,6822.766602,25782468,5824.337402,2571474.75,260.374054,10479.58984,4591526.5,0.146337911,0.000924967,345592960,9284.40625,2593309,998.4293823,435974.7813
36892,185.3417511,1078911.875,475826688,6824.227051,25762094,5821.202637,2591849,260.3476563,10479.66016,4628205,0.146979943,0.000929663,345621952,9284.40625,2625804.25,1003.024475,439485.375
36893,184.8952942,1607700.25,477434400,10183.76855,25753398,8695.193359,2600544.25,260.0760193,15625.27734,4643830.5,0.146171406,0.000925904,345629728,9275.868164,2635080.25,1488.575928,440973.9375
36896,184.6886749,1607794.25,482257760,10183.43066,25727282,8705.429688,2626660.5,259.3252869,15626.45313,4690709.5,0.145137846,0.000919273,345653120,9275.868164,2662907.75,1478.001221,445407.9375
36901,183.9949646,1600089.375,490258208,10207.16113,25683800,8696.375977,2670142.25,258.1754456,15629.70313,4768858,0.148012236,0.000944188,345691968,9275.868164,2709287,1510.784668,452961.875
36906,182.4033203,1586524.5,498190848,10249.65918,25640310,8697.892578,2713631.75,257.2668457,15634.93945,4847033,0.1513969,0.000978092,345730560,9275.868164,2755666.5,1551.766602,460720.7188
36911,181.4128571,1575513.375,506068416,10284.60156,25596888,8684.68457,2757055.25,256.5675354,15639.42285,4925230,0.155564293,0.001015489,345768960,9275.868164,2802045.75,1599.916626,468720.2813
36916,180.539093,1563933.125,513888064,10323.1123,25553574,8662.573242,2800368,255.918335,15644.38867,5003452,0.16085647,0.001061771,345807040,9275.868164,2848425.25,1660.539551,477023
36919.5,180.3878326,1559223.375,519345344,10338.89355,25523322,8643.728516,2830621.25,255.4821167,15649.07422,5058223.5,0.163960025,0.001087186,345833568,9275.868164,2880890.75,1695.165283,482956.0625
36923,180.2320251,1555307,524788928,10351.96289,25493118,8629.470703,2860824.25,255.0575867,15652.24609,5113006.5,0.166392878,0.001107494,345860000,9275.868164,2913356.25,1722.49292,488984.7813
36924,180.8854218,1321512.25,526110432,8792.999023,25485812,7305.797363,2868130,255.0138702,13301.54688,5126308,0.169134796,0.001125379,345867808,9299.966797,2922656.25,1487.202148,490472
36927,180.9940033,1320145.125,530070880,8797.232422,25463930,7293.861328,2890011.75,254.8772125,13301.80957,5166213.5,0.170891374,0.001138792,345891200,9299.966797,2950556,1503.371094,494982.0938
36932,180.9901123,1317887.375,536660320,8805.239258,25427524,7281.543945,2926419.5,254.6292572,13302.66797,5232727,0.17304422,0.001156165,345930080,9299.966797,2997056,1523.695923,502600.5938
36937,180.8927155,1315695.375,543238784,8813.12793,25391156,7273.346191,2962786,254.3657074,13304.20508,5299248,0.174714535,0.001170318,345968896,9299.966797,3043555.75,1539.781616,510299.5
36942,180.5567474,1312173.875,549799680,8826.563477,25354820,7267.375977,2999123,254.0922241,13305.7959,5365777,0.176647127,0.001188247,346007584,9299.966797,3090055.5,1559.187134,518095.4375
36946.5,180.2053375,1308915.625,555689792,8838.96582,25322134,7263.467285,3031808.5,253.8400116,13307.41797,5425660.5,0.178244695,0.001203667,346042336,9299.966797,3131905.5,1575.498901,525185.1875
36951,179.852356,1305805.25,561565888,8850.616211,25289462,7260.429199,3064480.5,253.582901,13308.89258,5485550.5,0.179669634,0.001217782,346077056,9299.966797,3173755.25,1590.18689,532341
36952,180.1499786,1304735.875,562870656,8763.53125,25282220,7242.498047,3071723,253.5312195,13217.10645,5498767.5,0.173564002,0.001165779,346089664,14141.51953,3187896.75,1521.033569,533862.0625
36955,180.0424652,1302180.375,566777152,8772.219727,25260522,7232.628906,3093421,253.4759064,13217.35254,5538419.5,0.175507516,0.001182317,346127456,14141.51953,3230321.25,1539.590454,538480.8125
36955.5,180.0262604,1301770.625,567428096,8773.671875,25256906,7231.004395,3097036.5,253.469101,13217.70801,5545028.5,0.175829232,0.001185054,346133760,14141.51953,3237392.25,1542.668091,539252.125
36956.125,180.0068512,1301270.125,568241344,8775.388672,25252388,7229.00293,3101554.5,253.4637604,13217.75879,5553289.5,0.17621845,0.001188366,346141632,14141.51953,3246230.5,1546.385376,540218.625
36957.10156,179.9766083,1300517.5,569511424,8777.970703,25245332,7226.036621,3108611.25,253.4616394,13217.80859,5566197.5,0.176798731,0.00119332,346153920,14141.51953,3260040.75,1551.934082,541734.1875
36958.62744,179.9281464,1299373.875,571494080,8781.888672,25234312,7221.626465,3119630.5,253.4694824,13217.8623,5586366.5,0.177668169,0.00120078,346173120,14141.51953,3281619,1560.262085,544115
36958.86588,179.9205475,1299202.25,571803840,8782.499023,25232590,7220.977539,3121352.25,253.4709778,13217.90039,5589517.5,0.17779927,0.001201908,346176128,14141.51953,3284990.5,1561.521973,544487.25
36959.16388,179.9109802,1298977.25,572190976,8783.268555,25230438,7220.11084,3123504,253.4731903,13217.90625,5593457,0.177969947,0.001203376,346179872,14141.51953,3289205,1563.157959,544953.125
36959.62955,179.8959045,1298630,572795712,8784.455078,25227078,7218.785645,3126865.5,253.4775085,13217.91016,5599612,0.17823185,0.001205632,346185728,14141.51953,3295790.25,1565.669678,545682.1875
36960.35715,179.8720551,1298090.875,573740160,8786.293945,25221826,7216.746094,3132116.25,253.4858551,13217.91504,5609229.5,0.17863591,0.00120912,346194880,14141.51953,3306079.5,1569.547607,546824.1875
36961.49402,179.834137,1297257.625,575214976,8789.12793,25213626,7213.634277,3140317.25,253.5021057,13217.91406,5624256.5,0.179254889,0.00121448,346209184,14141.51953,3322156.5,1575.494141,548615.3125
36961.67163,179.8282013,1297132.75,575445376,8789.568359,25212344,7213.177734,3141598.5,253.5047302,13217.89941,5626604.5,0.179347858,0.001215288,346211392,14141.51953,3324668.5,1576.390137,548895.375
36961.89368,179.8207245,1296968.625,575733376,8790.125977,25210742,7212.564453,3143200,253.5081024,13217.89746,5629539.5,0.17946972,0.001216345,346214176,14141.51953,3327808.5,1577.561401,549245.625
36962.24063,179.8090363,1296714.375,576183296,8790.988281,25208240,7211.619629,3145702,253.5136414,13217.89355,5634125,0.179657683,0.001217977,346218560,14141.51953,3332715,1579.36853,549793.5625
36962.78275,179.7906799,1296318,576886016,8792.332031,25204332,7210.151367,3149610.75,253.5228271,13217.88672,5641290.5,0.179950044,0.001220519,346225344,14141.51953,3340381,1582.18042,550651.3125
36963.62976,179.7617798,1295704.125,577983488,8794.408203,25198226,7207.895508,3155716,253.538208,13217.87305,5652486.5,0.180400148,0.00122444,346236000,14141.51953,3352359.5,1586.512573,551995.125
36964.95325,179.7164917,1294748.25,579697088,8797.629883,25188692,7204.392578,3165251,253.5641785,13217.84766,5669980,0.181098431,0.001230538,346252608,14141.51953,3371075.5,1593.236938,554103.75
36965.16006,179.7094116,1294603.25,579964800,8798.131836,25187202,7203.870605,3166740.75,253.5682831,13217.79883,5672713.5,0.181204543,0.001231467,346255200,14141.51953,3374000,1594.261475,554433.4375
36965.41855,179.7005463,1294413.125,580299392,8798.771484,25185340,7203.16748,3168602.75,253.5734711,13217.79102,5676130.5,0.181343898,0.001232685,346258432,14141.51953,3377655.5,1595.603516,554845.875
36965.82245,179.6867218,1294117.75,580822080,8799.762695,25182430,7202.078125,3171511.5,253.5817261,13217.78125,5681469,0.18155998,0.001234574,346263520,14141.51953,3383367.25,1597.684814,555491.1875
36966.45352,179.6652069,1293659.5,581638528,8801.299805,25177886,7200.390137,3176055.75,253.5949402,13217.76465,5689810.5,0.181894675,0.001237505,346271424,14141.51953,3392291.75,1600.909546,556501.5
36967.43961,179.6317749,1292949.625,582913472,8803.675781,25170790,7197.777344,3183153.25,253.6161804,13217.7373,5702844,0.182412207,0.001242042,346283776,14141.51953,3406236.25,1605.897827,558085.0625
36967.59369,179.6265564,1292843,583112640,8804.041992,25169680,7197.393555,3184262.25,253.6195068,13217.69043,5704880.5,0.182489827,0.001242725,346285696,14141.51953,3408415.25,1606.647949,558332.5625
36967.78629,179.6200409,1292703.25,583361600,8804.508789,25168294,7196.876953,3185648.25,253.6236877,13217.68359,5707426.5,0.1825919,0.00124362,346288128,14141.51953,3411138.75,1607.631958,558642.1875
36968.08719,179.6098785,1292486.625,583750592,8805.232422,25166128,7196.077637,3187813.75,253.6302643,13217.67383,5711404,0.182749882,0.001245007,346291904,14141.51953,3415394.25,1609.155151,559126.4375
36968.5574,179.5940399,1292138.25,584358144,8806.392578,25162746,7194.772461,3191196.75,253.6406403,13217.65918,5717619,0.183005691,0.00124725,346297792,14141.51953,3422043.5,1611.619995,559884.25
36969.29208,179.5694885,1291600.125,585307072,8808.181641,25157462,7192.759277,3196481,253.6570587,13217.63574,5727329.5,0.183400169,0.001250714,346306976,14141.51953,3432433.25,1615.421997,561071.0625
36969.40689,179.5656281,1291518.625,585455296,8808.458984,25156636,7192.460449,3197306.75,253.6596222,13217.59766,5728847,0.183459789,0.001251239,346308416,14141.51953,3434056.5,1615.998047,561256.5625
36969.55038,179.5608521,1291414.125,585640640,8808.806641,25155604,7192.069336,3198338.75,253.6628418,13217.5918,5730743.5,0.183536485,0.001251913,346310240,14141.51953,3436085.75,1616.737427,561488.5625
36969.77457,179.5533905,1291250.25,585930112,8809.350586,25153992,7191.455078,3199951.25,253.6678925,13217.58398,5733707,0.183656633,0.001252968,346313024,14141.51953,3439256.25,1617.89563,561851.3125
36970.12491,179.5417938,1290995.625,586382400,8810.196289,25151472,7190.501953,3202470.25,253.6758118,13217.57227,5738337.5,0.183843195,0.001254609,346317408,14141.51953,3444210.5,1619.69458,562418.6875
36970.67227,179.5237732,1290601.875,587088832,8811.50293,25147538,7189.030273,3206405.25,253.6882782,13217.55371,5745572.5,0.184131205,0.001257144,346324288,14141.51953,3451951.25,1622.472656,563306.8125
36971.52756,179.4957886,1289989.125,588192128,8813.532227,25141390,7186.737305,3212552,253.707901,13217.52344,5756877.5,0.184579268,0.001261092,346334976,14141.51953,3464046.25,1626.79541,564698.1875
36971.66119,179.4913788,1289895.625,588364544,8813.847656,25140430,7186.393066,3213512.5,253.710968,13217.47461,5758643.5,0.184647486,0.001261695,346336640,14141.51953,3465936.25,1627.454834,564915.6875
36971.82825,179.4858704,1289774.375,588579968,8814.249023,25139230,7185.937988,3214712.75,253.714798,13217.4668,5760851.5,0.184736282,0.001262478,346338752,14141.51953,3468298.5,1628.311646,565187.6875
36972.08926,179.4774323,1289589.125,588916608,8814.862305,25137354,7185.244141,3216588.25,253.7208252,13217.45801,5764301.5,0.184871688,0.001263673,346342016,14141.51953,3471989.5,1629.618652,565613.0625
36972.4971,179.4642487,1289298.5,589442368,8815.823242,25134424,7184.151855,3219518.25,253.7302704,13217.44238,5769692,0.185084417,0.00126555,346347104,14141.51953,3477757,1631.671509,566278.5
36973.13434,179.4437408,1288846.5,590263680,8817.31543,25129848,7182.454102,3224095,253.7450562,13217.41895,5778114.5,0.185414866,0.001268469,346355072,14141.51953,3486768.5,1634.86145,567320.3125
36974.13,179.4121246,1288143.375,591546304,8819.633789,25122698,7179.80127,3231244,253.7682343,13217.38086,5791275,0.185929745,0.00127302,346367520,14141.51953,3500849,1639.832275,568953.0625
36975.68576,179.3639832,1287052,593548608,8823.220703,25111536,7175.644043,3242407.5,253.8045959,13217.32129,5811838,0.186731905,0.001280117,346386976,14141.51953,3522849.75,1647.576782,571516.25
36975.92886,179.3564911,1286888.875,593861440,8823.765625,25109790,7175.03418,3244151.5,253.8102875,13217.22461,5815051,0.186851293,0.001281177,346389984,14141.51953,3526287.25,1648.732056,571917.0625
36976.23273,179.347168,1286675.125,594252416,8824.467773,25107610,7174.214844,3246331.5,253.8173981,13217.20898,5819067,0.187008798,0.001282572,346393792,14141.51953,3530584.25,1650.253174,572418.5
36976.70749,179.3326874,1286342.5,594863168,8825.558594,25104206,7172.938965,3249737,253.8285065,13217.19043,5825342,0.187253818,0.001284743,346399712,14141.51953,3537298.25,1652.619629,573203.125
36977.44934,179.3103027,1285829.125,595817024,8827.241211,25098886,7170.97168,3255056.75,253.8459167,13217.16016,5835147,0.187631637,0.001288095,346408992,14141.51953,3547789,1656.269775,574431.8125
36977.56525,179.306778,1285751.5,595966080,8827.5,25098054,7170.679199,3255888,253.8486328,13217.11328,5836679,0.187688529,0.001288601,346410432,14141.51953,3549428.25,1656.820435,574623.875
36977.71014,179.3023834,1285650.375,596152320,8827.831055,25097016,7170.291016,3256927,253.8520203,13217.10547,5838594.5,0.187762976,0.001289262,346412256,14141.51953,3551477.25,1657.539795,574864
36977.93652,179.2955322,1285493.375,596443328,8828.344727,25095392,7169.689941,3258550,253.8573303,13217.09668,5841586.5,0.18787837,0.001290287,346415072,14141.51953,3554678.75,1658.655029,575239.5
36978.29028,179.2848663,1285249.75,596897984,8829.142578,25092856,7168.757324,3261086,253.8656158,13217.08203,5846262,0.188057333,0.001291877,346419488,14141.51953,3559681.25,1660.38501,575826.875
36978.84299,179.2687073,1284877.125,597608192,8830.361328,25088894,7167.325195,3265047.5,253.8786011,13217.05859,5853567,0.188331619,0.001294315,346426368,14141.51953,3567497.5,1663.036377,576746.0625
36979.7066,179.2436523,1284298.75,598717312,8832.251953,25082704,7165.100586,3271235.25,253.8989105,13217.02344,5864981.5,0.188757271,0.001298103,346437152,14141.51953,3579710.25,1667.151855,578185.8125
36980.8533,179.2106781,1283532.25,600189120,8834.753906,25074492,7162.141602,3279448,253.9258118,13216.96582,5880137.5,0.189321861,0.001303132,346451456,14141.51953,3595926.25,1672.612061,580103.8125
36982,179.178299,1282774.25,601660096,8837.225586,25066282,7159.205566,3287657.5,253.9527283,13216.88965,5895293.5,0.189880937,0.001308118,346465760,14141.51953,3612142.5,1678.020752,582028
36983,179.3436127,1358537.5,603018624,9303.001953,25058708,7575.053711,3295232.5,253.9417877,13939.49023,5909233,0.185740888,0.001271918,346478304,14274.5625,3626417,1727.947754,583755.9375
36986,179.2539673,1355403,607084864,9313.000977,25036024,7561.355957,3317916.75,253.9407196,13939.56641,5951051.5,0.188085988,0.001292342,346515872,14274.5625,3669240.75,1751.644897,589010.875
36991,179.1213684,1350669,613838208,9328.099609,24998320,7540.523926,3355619.25,253.9808197,13939.65625,6020749.5,0.191633403,0.001323474,346578304,14274.5625,3740613.5,1787.575439,597948.75
36991.5,179.1080322,1350189.75,614513280,9329.657227,24994552,7538.410156,3359388.5,253.9851532,13939.61426,6027719.5,0.191994995,0.001326664,346584544,14274.5625,3747750.75,1791.247559,598844.375
36992.125,179.0913849,1349578.375,615356736,9331.606445,24989842,7535.697266,3364098.25,253.9911957,13939.6084,6036432,0.192454457,0.001330719,346592352,14274.5625,3756672.25,1795.909302,599966.8125
36993.10156,179.0658112,1348630.5,616673792,9334.625977,24982486,7531.479492,3371453.25,254.0017548,13939.59863,6050044.5,0.193167537,0.001337021,346604512,14274.5625,3770612.25,1803.146606,601727.6875
36994.62744,179.026825,1347171.5,618729408,9339.268555,24971004,7524.970215,3382935.5,254.0202789,13939.57715,6071315,0.194265574,0.001346746,346623520,14274.5625,3792393.5,1814.298462,604496.125
36997.01163,178.9665833,1344878.5,621935872,9346.553711,24953088,7514.69043,3400852,254.0524597,13939.53516,6104549,0.195993483,0.001362104,346653184,14274.5625,3826426.75,1831.863647,608863.625
37000.73691,178.91716,1341440.125,626933120,9357.385742,24925156,7497.548828,3428782.5,254.1076355,13939.45215,6156477.5,0.198756069,0.001386448,346699456,14274.5625,3879603.75,1859.837158,615792.0625
37005.73691,178.8774261,1336845.875,633617344,9371.771484,24887790,7473.530273,3466150,254.186615,13939.29688,6226174,0.202548787,0.00141994,346761312,14274.5625,3950976.5,1898.240845,625283.25
37008.86847,178.8656311,1333924.375,637794560,9380.880859,24864436,7457.689941,3489504.25,254.2373657,13939.05957,6269825,0.20501177,0.001441754,346800000,14274.5625,3995677.75,1923.19104,631305.8125
37012,178.8900299,1331052.875,641962816,9389.745117,24841134,7440.620605,3512804.75,254.2890778,13938.90234,6313475,0.207580179,0.001464348,346838592,14274.5625,4040379.25,1949.125122,637409.5625
37013,178.9076538,1349981.125,643312768,9526.842773,24833588,7545.687012,3520350.5,254.2974243,14140.4707,6327615.5,0.207955137,0.001467543,346850880,14254.70313,4054634,1981.156006,639390.75
37016,178.9138947,1346741.625,647353024,9536.94043,24811006,7527.316895,3542932.5,254.3268738,14140.46191,6370037,0.210719883,0.001492211,346887616,14254.70313,4097398,2009.622925,645419.5625
37021,178.9148865,1341004.875,654058048,9554.741211,24773530,7495.211426,3580408.5,254.3833313,14140.40723,6440739,0.215550587,0.001535811,346948576,14254.70313,4168671.5,2059.530273,655717.25
37026,178.913681,1334633.125,660731200,9574.478516,24736232,7459.648438,3617706.75,254.4442139,14140.27832,6511440.5,0.220882043,0.001584578,347009280,14254.70313,4239945,2114.830322,666291.375
37026.5,178.9143066,1333980.25,661398208,9576.513672,24732504,7455.973145,3621434.75,254.4503632,14140.125,6518510.5,0.22143136,0.001589634,347015360,14254.70313,4247072.5,2120.540527,667351.6875
37027.125,178.9151001,1333132.125,662231424,9579.136719,24727848,7451.199707,3626091.75,254.4581451,14140.10938,6527348,0.22214289,0.001596194,347022944,14254.70313,4255981.5,2127.937012,668681.625
37028.10156,178.916214,1331750.125,663531968,9583.408203,24720578,7443.429199,3633360.75,254.4703369,14140.08887,6541157,0.223300457,0.001606893,347034752,14254.70313,4269902,2139.979492,670771.4375
37029.62744,178.9172974,1329522.25,665560640,9590.294922,24709240,7430.932129,3644699.25,254.4896393,14140.05762,6562733,0.22516124,0.001624164,347053216,14254.70313,4291653,2159.362793,674066.375
37032.01163,178.9172363,1325890.75,668721792,9601.515625,24691572,7410.637207,3662367.75,254.5203705,14140.00586,6596445,0.228180483,0.001652383,347081984,14254.70313,4325639,2190.878662,679289.8125
37035.73691,178.9177704,1319822.75,673638528,9620.249023,24664092,7376.700195,3689848,254.5693207,14139.92285,6649120.5,0.23321113,0.001699887,347126720,14254.70313,4378742,2243.549072,687647.6875
37039.36847,178.9191742,1313367.5,678408064,9640.165039,24637434,7340.562988,3716505.5,254.6176453,14139.78613,6700470,0.238543823,0.00175092,347170144,14254.70313,4430508.5,2299.601807,695998.8125
37043,178.9210968,1306505.375,683152704,9661.323242,24610916,7302.131348,3743023.5,254.6663055,14139.64844,6751818.5,0.244189322,0.001805727,347213344,14254.70313,4482275,2359.192139,704566.3125
37044,178.9082489,1306962.625,684459648,9684.326172,24603610,7305.211426,3750328.75,254.6793976,14164.53223,6765983,0.245666519,0.001820339,347225184,14234.87695,4496510,2379.114746,706945.4375
37047,178.9046478,1300751.125,688361920,9703.546875,24581798,7270.638672,3772140.75,254.7160645,14164.49902,6808476.5,0.2507236,0.001870387,347260608,14234.87695,4539214.5,2432.908203,714244.125
37052,178.8947601,1289951.25,694811648,9736.886719,24545744,7210.670898,3808194,254.7750397,14164.4082,6879298.5,0.259447992,0.001958381,347319136,14234.87695,4610389,2526.215576,726875.25
37057,178.8888092,1278474.375,701204032,9772.285156,24510010,7146.754883,3843927.75,254.8332214,14164.25781,6950120,0.268671066,0.002053643,347377184,14234.87695,4681563.5,2625.530273,740002.875
37062,178.8805695,1266429,707536192,9809.421875,24474612,7079.745605,3879326.5,254.8910522,14164.10449,7020940.5,0.27827087,0.002155412,347434720,14234.87695,4752737.5,2729.676514,753651.25
37067,178.8716431,1253851.5,713805440,9848.183594,24439562,7009.783203,3914375.5,254.9486237,14163.94824,7091760,0.288215607,0.002263745,347491712,14234.87695,4823912,2838.400146,767843.25
37070,178.8644257,1245956.25,717543296,9872.509766,24418664,6965.925293,3935273.25,254.9831085,14163.78809,7134251.5,0.294411898,0.002332814,347525696,14234.87695,4866616.5,2906.584473,776563
37073,178.8522797,1238057.375,721257472,9896.853516,24397898,6922.234375,3956040,255.0175781,14163.69043,7176742.5,0.300562114,0.002402651,347559456,14234.87695,4909321.5,2974.619141,785486.875
37074,178.8192902,1231622.25,722489088,9864.882813,24391010,6887.524414,3962927.5,255.0323944,14109.86914,7190852.5,0.301813841,0.002417428,347570720,14217.63867,4923539,2977.358154,788464.25
37077,178.798584,1223570.75,726159808,9889.763672,24370480,6843.291016,3983457.25,255.0708466,14109.82617,7233182,0.308043003,0.002489821,347604224,14217.63867,4966192,3046.472656,797603.625
37082,178.7693024,1210370.875,732211712,9930.475586,24336628,6770.574219,4017310.25,255.1285858,14109.71973,7303730.5,0.318202406,0.002610688,347659520,14217.63867,5037280,3159.900879,813403.125
37087,178.753418,1197409.25,738198720,9970.40918,24303134,6698.665039,4050803.5,255.1835327,14109.56055,7374278.5,0.328145444,0.002732353,347714240,14217.63867,5108368.5,3271.744385,829761.875
37092,178.7505188,1185019,744123840,10008.54883,24269988,6629.458008,4083950.75,255.2370758,14109.41016,7444825.5,0.337620497,0.002851508,347768448,14217.63867,5179456.5,3379.091309,846657.3125
37097,178.7572632,1173426.375,749990976,10044.20898,24237166,6564.355957,4116772.75,255.2898407,14109.25977,7515371.5,0.346453637,0.002965548,347822112,14217.63867,5250544.5,3479.852539,864056.625
37100.5,178.7726746,1165666.5,754070784,10068.05078,24214344,6520.384277,4139594,255.3264771,14109.11035,7564753.5,0.352368772,0.003043466,347859456,14217.63867,5300306.5,3547.666992,876473.4375
37104,178.7906799,1158406.875,758125184,10090.34668,24191668,6479.123047,4162271,255.3628082,14109.00488,7614135,0.357888967,0.003117406,347896576,14217.63867,5350068,3611.223877,889112.6875
37105,178.771637,1153886.875,759279104,10056.68945,24185212,6454.529785,4168725.5,255.3764954,14059.68262,7628194.5,0.358185381,0.003121761,347907200,14205.16797,5364273.5,3602.15918,892714.875
37108,178.7777863,1148123.875,762723456,10074.37598,24165946,6422.072266,4187991.75,255.411499,14059.64453,7670373.5,0.362533987,0.003181106,347938848,14205.16797,5406889,3652.303955,903671.8125
37113,178.7800751,1139209.875,768419520,10101.73926,24134086,6372.129883,4219852.5,255.4636536,14059.55078,7740671.5,0.36920467,0.003273856,347991232,14205.16797,5477914.5,3729.609131,922319.8125
37118,178.7829895,1130899.25,774073984,10127.25684,24102458,6325.541992,4251480,255.5138702,14059.41406,7810968.5,0.375394374,0.003361674,348043232,14205.16797,5548940.5,3801.715332,941328.375
37123,178.7848511,1123168.5,779689856,10150.99805,24071046,6282.235352,4282891,255.5639038,14059.2832,7881265,0.381121457,0.003444508,348094944,14205.16797,5619966.5,3868.763184,960672.25
37128,178.8154907,1116040.625,785270080,10172.84082,24039840,6241.297852,4314097.5,255.614563,14059.14844,7951560.5,0.38647446,0.00352276,348146304,14205.16797,5690992,3931.543213,980329.9375
37131.5,178.8791809,1111438.125,789160064,10186.90137,24018094,6213.345215,4335844.5,255.6504364,14059.00879,8000767,0.390065253,0.003575149,348182112,14205.16797,5740710.5,3973.556641,994237.375
37135,178.9142303,1106866,793034112,10200.91504,23996440,6186.57373,4357497.5,255.6867676,14058.9082,8049973.5,0.393527567,0.003626763,348217760,14205.16797,5790428.5,4014.341064,1008287.563
37136,178.914566,1104787.625,794138944,10174.00684,23990266,6174.945801,4363672.5,255.6999054,14024.41309,8063998,0.393066525,0.003619756,348227968,14194.40723,5804622.5,3999.061523,1012286.625
37139,178.917511,1100864.125,797441536,10186.07324,23971808,6152.914551,4382131,255.7340088,14024.37793,8106071,0.395948291,0.003663629,348258464,14194.40723,5847206,4033.158203,1024386.125
37144,178.9017639,1094634.625,802914688,10205.28027,23941214,6118.635254,4412724.5,255.7861938,14024.29102,8176192.5,0.40044415,0.003733341,348308992,14194.40723,5918178,4086.644531,1044819.313
37149,178.8912354,1088569.125,808357504,10223.97559,23910788,6085.088867,4443149.5,255.8373108,14024.16016,8246313,0.404821664,0.003802135,348359264,14194.40723,5989150,4138.887207,1065513.75
37154,178.8847656,1082545.125,813770240,10242.53223,23880530,6051.633789,4473408,255.8888855,14024.0293,8316433.5,0.409166247,0.003871339,348409280,14194.40723,6060122,4190.898438,1086468.25
37159,178.8774414,1076639.25,819153472,10260.71875,23850436,6018.865723,4503502,255.9417114,14023.89258,8386553,0.413406998,0.003939901,348459040,14194.40723,6131094,4241.853027,1107677.5
37162,178.8734741,1073120.5,822372800,10271.5498,23832438,5999.327148,4521500,255.9739227,14023.74902,8428624,0.415927798,0.003981122,348488832,14194.40723,6173677.5,4272.223145,1120494.25
37165,178.8690338,1069617.75,825581632,10282.33105,23814498,5979.893555,4539440,256.0067139,14023.65918,8470695,0.418430179,0.004022406,348518496,14194.40723,6216260.5,4302.4375,1133401.5
37166,178.8583679,1067381.75,826649024,10243.88965,23808530,5967.748535,4545407.5,256.0209351,13976.74414,8484672,0.417433351,0.004006197,348528384,14182.50391,6230443,4276.141113,1137677.625
37169,178.8478699,1063806,829840448,10254.89551,23790686,5948.105469,4563252,256.0580444,13976.70605,8526602,0.419974029,0.004048473,348558016,14182.50391,6272990.5,4306.790039,1150598
37174,178.8411102,1058117.125,835131072,10272.38477,23761104,5916.520508,4592834.5,256.1152649,13976.6084,8596485,0.424036324,0.004116619,348607168,14182.50391,6343903,4355.864258,1172377.375
37179,178.8561401,1052601.25,840394048,10289.2959,23731678,5885.184082,4622260.5,256.1715393,13976.46094,8666367,0.428028494,0.004184027,348656064,14182.50391,6414815.5,4404.111816,1194397.875
37184,178.8695831,1047124.125,845629696,10306.09375,23702408,5854.120605,4651531,256.2284241,13976.3125,8736249,0.431974828,0.004251619,348704704,14182.50391,6485728,4451.973145,1216657.75
37189,178.8784943,1041646.75,850837888,10322.90234,23673292,5823.208496,4680647,256.2865295,13976.1582,8806130,0.435894251,0.004319788,348753120,14182.50391,6556640.5,4499.693848,1239156.25
37192.5,178.8832092,1037802.938,854470208,10334.69727,23652986,5801.566895,4700952.5,256.3278503,13975.99512,8855046,0.438632131,0.004368007,348786880,14182.50391,6606279.5,4533.129883,1255022.25
37196,178.8884888,1033965.563,858089088,10346.46973,23632756,5779.944824,4721182.5,256.369812,13975.87793,8903961,0.441360712,0.004416516,348820544,14182.50391,6655918,4566.525391,1271005
37197,178.9263916,1034060.313,859123136,10324.90137,23626976,5779.249512,4726961.5,256.383728,13953.74023,8917915,0.440261006,0.004395925,348830176,14169.09082,6670087.5,4545.651367,1275550.625
37200,178.909256,1030692.75,862215232,10335.26953,23609694,5760.980469,4744244.5,256.420929,13953.70313,8959776,0.442590207,0.004438072,348858944,14169.09082,6712594.5,4574.289063,1289273.5
37205,178.8835907,1025250.75,867341504,10352.01855,23581036,5731.385254,4772901.5,256.4798889,13953.60547,9029544,0.446350962,0.004506833,348906688,14169.09082,6783440,4620.633789,1312376.75
37210,178.8679504,1019854.875,872440768,10368.62402,23552528,5701.719238,4801410,256.5386353,13953.44824,9099311,0.450098723,0.004576047,348954208,14169.09082,6854285.5,4666.904297,1335711.25
37215,178.8536072,1014515.375,877513344,10385.05566,23524166,5672.322266,4829771.5,256.5982971,13953.28809,9169078,0.453799486,0.004645304,349001504,14169.09082,6925131,4712.73291,1359274.875
37220,178.8520813,1009223.938,882559488,10401.33789,23495952,5642.785645,4857985.5,256.6591187,13953.12109,9238843,0.457494259,0.004715061,349048544,14169.09082,6995976.5,4758.552734,1383067.625
37223,178.8513641,1006058.375,885577664,10411.07324,23479078,5625.108887,4874861,256.696106,13952.94434,9280702,0.459699452,0.004757144,349076704,14169.09082,7038483.5,4785.964844,1397425.625
37226,178.8481445,1002875.5,888586240,10420.8623,23462254,5607.413574,4891683,256.7334595,13952.83594,9322561,0.461905062,0.004799648,349104768,14169.09082,7080991,4813.449219,1411865.875
37227,178.8926086,1005314.625,889591552,10423.28613,23456636,5619.654297,4897303,256.7459717,13962.91797,9336524,0.460855812,0.004778238,349114112,14156.07031,7095147,4803.632324,1416669.5
37230,178.8445282,1001959.188,892597440,10433.63574,23439828,5602.40332,4914110,256.7806396,13962.88477,9378412,0.463043988,0.004821785,349142080,14156.07031,7137615,4831.231934,1431163.25
37235,178.7833405,996557.5625,897580224,10450.25391,23411958,5574.107422,4941980.5,256.8372192,13962.79199,9448226,0.466605544,0.00489299,349188480,14156.07031,7208395.5,4876.146484,1455544
37240,178.7381439,991186.75,902536192,10466.76465,23384230,5545.468262,4969708,256.8944092,13962.63672,9518039,0.470183164,0.004965055,349234656,14156.07031,7279176,4921.296387,1480150.5
37245,178.7064667,985861.75,907465472,10483.12988,23356646,5516.653809,4997291,256.9526062,13962.47266,9587852,0.473758876,0.0050377,349280608,14156.07031,7349956,4966.475586,1504982.875
37250,178.6784668,980551.6875,912368256,10499.44336,23329208,5487.800293,5024730,257.012207,13962.30078,9657663,0.477324665,0.005111045,349326336,14156.07031,7420736.5,5011.643555,1530041
37253.5,178.6580048,976848.75,915787200,10510.81055,23310070,5467.702148,5043867,257.054657,13962.12109,9706531,0.479802042,0.00516263,349358240,14156.07031,7470283,5043.108398,1547691.875
37257,178.6368713,973137.5625,919193216,10522.20703,23291004,5447.574219,5062933.5,257.0978088,13961.98926,9755398,0.482278377,0.005214713,349390016,14156.07031,7519829,5074.633301,1565453.125
37258,178.6707916,976358.1875,920169536,10532.10254,23285540,5464.56543,5068398.5,257.109314,13982.24512,9769380,0.481151551,0.005190244,349399072,14143.36816,7533972.5,5067.537598,1570520.625
37261,178.5954437,972943.3125,923088384,10542.63477,23269196,5447.75,5084741.5,257.1419678,13982.21289,9811326,0.483264834,0.005236569,349426240,14143.36816,7576402.5,5094.884277,1585805.375
37266,178.5247345,967484.25,927925824,10559.40039,23242100,5419.328613,5111838,257.1967773,13982.11719,9881237,0.486776829,0.005312822,349471232,14143.36816,7647119.5,5140.071289,1611505.75
37271,178.4790192,962047.4375,932736064,10576.0791,23215148,5390.254883,5138789.5,257.2530823,13981.95215,9951147,0.490335256,0.005390404,349516032,14143.36816,7717836,5185.824707,1637434.875
37276,178.4480286,956607.125,937519104,10592.75977,23188344,5360.70459,5165593,257.3110046,13981.77734,10021056,0.493927509,0.005469388,349560608,14143.36816,7788553,5232.055664,1663595.125
37281,178.4185181,951154.625,942274880,10609.47754,23161690,5331.030762,5192248,257.370636,13981.59375,10090964,0.497521818,0.005549515,349604928,14143.36816,7859270,5278.446289,1689987.375
37284.5,178.3974762,947282.0625,945590336,10621.33887,23143104,5309.952148,5210833,257.4132996,13981.40039,10139899,0.500067532,0.005606975,349635840,14143.36816,7908771.5,5311.386719,1708577.125
37288,178.3770294,943392.25,948892224,10633.26367,23124594,5288.754395,5229343.5,257.4567871,13981.26172,10188833,0.50262171,0.005665204,349666624,14143.36816,7958273.5,5344.509766,1727283
37289,178.4035034,946790.1875,949838976,10650.76855,23119286,5307.016113,5234650.5,257.4677429,14009.95605,10202843,0.501724601,0.005644073,349675424,14131.55859,7972405,5343.75293,1732626.75
37292,178.3144226,943139.4375,952668416,10662.02734,23103418,5289.193359,5250518,257.5,14009.92383,10244873,0.503922343,0.005696754,349701696,14131.55859,8014799.5,5372.833496,1748745.25
37297,178.2425079,937379.125,957355328,10679.70215,23077124,5259.010254,5276813,257.555603,14009.82129,10314922,0.507569611,0.005782817,349745248,14131.55859,8085457.5,5420.691895,1775848.625
37302,178.2134247,931727.5,962013952,10697.01563,23050982,5228.155762,5302954,257.6131592,14009.64063,10384970,0.511250973,0.005869591,349788544,14131.55859,8156115.5,5468.859863,1803193
37307,178.2190399,926190.3125,966644928,10713.95898,23024998,5196.921387,5328938.5,257.6727295,14009.45117,10455017,0.514939189,0.005956699,349831616,14131.55859,8226773,5517.037109,1830778.125
37311.5,178.2322693,921236.375,970790464,10729.10645,23001738,5168.740234,5352198,257.7278137,14009.25195,10518059,0.518250585,0.006035765,349870208,14131.55859,8290365,5560.365723,1855799.75
37316,178.2476501,916199.8125,974913344,10744.50977,22978608,5140.039063,5375328,257.7841187,14009.06738,10581100,0.521612525,0.006117083,349908576,14131.55859,8353957,5604.470703,1881019.875
37317,178.3124695,919879.5625,975833216,10768.9873,22973450,5158.806641,5380487,257.7946777,14045.83789,10595146,0.520957112,0.006098821,349917088,14121.2207,8368078.5,5610.180664,1886630.125
37320,178.2326813,916110.9375,978581568,10780.5918,22958030,5139.97168,5395907,257.826416,14045.80469,10637283,0.523219883,0.006157137,349942528,14121.2207,8410442,5640.620117,1903552
37325,178.1970367,910228.5,983132736,10798.61523,22932490,5107.98877,5421447,257.8815002,14045.70313,10707511,0.52697742,0.006251866,349984672,14121.2207,8481048,5690.626953,1932005.125
37330,178.1966248,904448.1875,987654976,10816.30762,22907112,5075.562988,5446824.5,257.9386292,14045.53418,10777739,0.530749023,0.006347234,350026592,14121.2207,8551654,5740.744141,1960708.875
37335,178.2156219,898757.9375,992148736,10833.72363,22881896,5043.092773,5472040,257.9974365,14045.35742,10847966,0.534500539,0.006442926,350068224,14121.2207,8622260,5790.631348,1989662
37340,178.2410583,893071.625,996614080,10851.13086,22856844,5010.470703,5497092.5,258.0577698,14045.17383,10918192,0.538253605,0.006539968,350109632,14121.2207,8692866,5840.660156,2018865.25
37343.5,178.2566376,889028.875,999725696,10863.49805,22839388,4987.353516,5514548,258.1006775,14044.98633,10967349,0.540907204,0.006609622,350138496,14121.2207,8742291,5876.144531,2039431.75
37347,178.2693481,884917.9375,1002822912,10876.08594,22822014,4963.9375,5531922,258.1442261,14044.85254,11016506,0.543591499,0.006681013,350167232,14121.2207,8791715,5912.147949,2060124.25
37348,178.3504333,888568.875,1003711488,10906.27832,22817032,4982.151855,5536904,258.1546326,14087.47461,11030594,0.543184996,0.006667043,350175424,14111.93359,8805827,5924.126953,2066048.375
37351,178.2809296,884722.5625,1006365632,10918.12402,22802144,4962.519043,5551791.5,258.185791,14087.44629,11072856,0.545478761,0.006731607,350199872,14111.93359,8848163,5955.604492,2083915.25
37356,178.2362823,878615.0625,1010758720,10936.85742,22777496,4929.496094,5576439,258.2397156,14087.35352,11143293,0.54927671,0.006837307,350240416,14111.93359,8918722,6007.36084,2113952
37361,178.2561493,872687.5,1015122176,10955.01074,22753018,4895.693359,5600917.5,258.2953796,14087.19238,11213729,0.553109229,0.006943285,350280672,14111.93359,8989282,6059.317383,2144248.75
37366,178.3920441,867323.375,1019458816,10971.41406,22728708,4861.89502,5625227,258.3521118,14087.02344,11284164,0.556857944,0.007044107,350320672,14111.93359,9059842,6109.519043,2174796.25
37371,178.5029297,862041.25,1023769024,10987.56836,22704562,4829.283691,5649373.5,258.4099426,14086.85156,11354598,0.560477495,0.007143841,350360448,14111.93359,9130401,6158.285156,2205587.75
37374,178.5603943,858884.75,1026345664,10997.20898,22690126,4810.051758,5663803.5,258.4449463,14086.67578,11396858,0.56261158,0.00720371,350384224,14111.93359,9172737,6187.156738,2224149.25
37377,178.61026,855751.125,1028912896,11006.79395,22675752,4791.164551,5678177,258.4803162,14086.56934,11439118,0.564708412,0.00726336,350407936,14111.93359,9215073,6215.628906,2242796
37378,178.7258453,859293.3125,1029772224,11039.26953,22670944,4807.884766,5682985,258.4900513,14131.24023,11453249,0.564474344,0.007251755,350415808,14103.45801,9229176,6231.384766,2249027.5
37381,178.704483,855951.6875,1032340032,11049.55566,22656576,4789.760254,5697354.5,258.5195007,14131.21387,11495643,0.566520095,0.007313257,350439328,14103.45801,9271487,6259.794922,2267806.75
37386,178.8435669,851139.875,1036595776,11064.27734,22632780,4759.130371,5721150,258.5701904,14131.13086,11566298,0.569865227,0.007407886,350478304,14103.45801,9342004,6305.146484,2299332.5
37391,178.9921417,846413.0625,1040827840,11078.7168,22609136,4728.772461,5744794,258.622406,14130.98535,11636953,0.573166072,0.007502181,350517088,14103.45801,9412521,6349.943848,2331082.25
37396,179.0742035,841472.9375,1045035200,11093.82617,22585640,4699.018066,5768289,258.6759033,14130.83398,11707608,0.576429427,0.007599541,350555616,14103.45801,9483039,6394.808105,2363056.25
37401,179.1316528,836495.4375,1049217664,11109.05859,22562292,4669.724121,5791637.5,258.7306213,14130.68066,11778261,0.579647183,0.007697991,350593952,14103.45801,9553556,6439.334473,2395253
37404.5,179.1673584,833004.625,1052133184,11119.7334,22546020,4649.310059,5807910,258.7694702,14130.52246,11827718,0.58188653,0.007767572,350620672,14103.45801,9602918,6470.42334,2417899.5
37408,179.2002563,829511.3125,1055036480,11130.42578,22529818,4628.962891,5824111.5,258.8087769,14130.41113,11877174,0.58411628,0.007837702,350647264,14103.45801,9652280,6501.462402,2440654.5
37409,179.337738,832768.125,1055869248,11161.93848,22525174,4643.574219,5828755,258.8180542,14173.18945,11891347,0.583981395,0.007827345,350654848,14097.01563,9666377,6518.364258,2447173
37412,179.3168182,829579.0625,1058357952,11171.75488,22511294,4626.332031,5842634,258.8463135,14173.16602,11933867,0.585890293,0.007890053,350677504,14097.01563,9708668,6545.422852,2466809.25
37417,179.3186646,824474.5625,1062480320,11187.41113,22488302,4597.817871,5865623,258.8952637,14173.0918,12004732,0.589018583,0.007992476,350715040,14097.01563,9779153,6589.59375,2499757.25
37422,179.3522034,819486.5625,1066577792,11202.69141,22465456,4569.146973,5888469,258.9458313,14172.96094,12075597,0.592138469,0.008094757,350752352,14097.01563,9849638,6633.544922,2532924.75
37427,179.4033966,814607.1875,1070650816,11217.62695,22442752,4540.64502,5911172,258.9977417,14172.82617,12146461,0.595222294,0.008196565,350789472,14097.01563,9920123,6676.981445,2566309.75
37432,179.4696198,809851.6875,1074700032,11232.16797,22420190,4512.472168,5933734.5,259.0507507,14172.6875,12217325,0.598254561,0.00829744,350826368,14097.01563,9990609,6719.695801,2599908.25
37435,179.5130005,807043.6875,1077121152,11240.74316,22406704,4495.739746,5947221.5,259.0829163,14172.54785,12259842,0.600049555,0.008357667,350848416,14097.01563,10032900,6745.00293,2620143.25
37438,179.5575256,804268.5,1079533952,11249.22363,22393258,4479.168945,5960659,259.115448,14172.46289,12302360,0.601824164,0.008417656,350870400,14097.01563,10075191,6770.055176,2640453.5
37439,179.7130585,807431.25,1080341376,11280.86621,22388764,4492.891602,5965152,259.1242065,14215.1084,12316575,0.601724625,0.008406877,350877696,14093.97656,10089285,6787.975098,2647241.5
37442,179.7035522,804491.9375,1082754944,11289.90137,22375334,4476.772949,5978582.5,259.151062,14215.08887,12359220,0.603471041,0.008468859,350899552,14093.97656,10131567,6813.128906,2667680.75
37447,179.7517242,799799.75,1086753920,11304.27246,22353086,4449.46875,6000829.5,259.1978149,14215.02637,12430295,0.606390536,0.008570651,350935744,14093.97656,10202036,6854.803711,2701954.75
37452,179.8382111,795229.125,1090730112,11318.24707,22330976,4421.914063,6022939.5,259.2461243,14214.91406,12501370,0.609311044,0.008672133,350971744,14093.97656,10272506,6896.333008,2736436.5
37457,179.9395294,790678.375,1094683392,11332.15234,22309006,4394.133789,6044910,259.2957153,14214.7998,12572444,0.612241924,0.008774767,351007520,14093.97656,10342976,6938.018555,2771126.5
37462,180.0373993,786089.8125,1098613888,11346.16699,22287174,4366.258301,6066741.5,259.346405,14214.68359,12643517,0.615177691,0.008879277,351043072,14093.97656,10413446,6979.90918,2806026
37465.5,180.1054535,782868.9375,1101353984,11356.00195,22271954,4346.725098,6081955,259.3823853,14214.56445,12693268,0.617231011,0.008953321,351067904,14093.97656,10462775,7009.276855,2830558.5
37469,180.1872711,779696.3125,1104082816,11365.69043,22256802,4327.144043,6097100,259.4188843,14214.48145,12743019,0.6192801,0.009027292,351092608,14093.97656,10512104,7038.545898,2855193.5
37470,180.3458099,782770.1875,1104865664,11400.42773,22252464,4340.384277,6101440,259.4270935,14260.04395,12757279,0.619278789,0.009019306,351099648,14094.3252,10526198,7060.042969,2862253.5
37473,180.4434509,780131.5,1107206016,11408.51758,22239490,4323.412598,6114410.5,259.4523621,14260.0293,12800059,0.62103641,0.009081937,351120672,14094.3252,10568481,7085.10498,2883508.75
37478,180.5451202,775470.5625,1111083392,11422.7793,22218014,4295.162109,6135886,259.4964905,14259.98145,12871359,0.623982728,0.009191344,351155488,14094.3252,10638953,7127.617188,2919147
37483,180.6557159,770733.625,1114937088,11437.26563,22196682,4266.312012,6157218,259.5421143,14259.89453,12942658,0.626981497,0.009304062,351190112,14094.3252,10709424,7170.953613,2955001.75
37488,180.7532959,765838.3125,1118766208,11452.2373,22175498,4236.925781,6178402.5,259.5890198,14259.80664,13013957,0.630035102,0.009421455,351224512,14094.3252,10779896,7215.311035,2991078.25
37493,180.8349304,760883.5,1122570624,11467.39258,22154460,4207.613281,6199440.5,259.6369019,14259.71484,13085256,0.633080184,0.00954125,351258688,14094.3252,10850368,7259.779297,3027377.25
37496.5,180.9173737,757005.1875,1125220224,11474.47559,22139802,4184.259277,6214085.5,259.6708679,14254.6875,13135147,0.635342002,0.009630339,351282496,14094.3252,10899698,7290.216309,3052893
37500,180.5812836,749444.0625,1127843200,11466.41016,22125270,4150.175781,6228611,259.7076111,14222.27246,13184925,0.638057947,0.009762215,351306240,14094.3252,10949028,7316.234375,3078499.75
37501,180.246994,746776.625,1128590080,11481.98633,22121126,4143.07373,6232754,259.7164307,14229.91504,13199155,0.639167488,0.009827454,351312992,14097.19922,10963125,7338.912598,3085838.75
37504,180.2229309,742929.5,1130818816,11485.72949,22108758,4122.280762,6245121,259.7452087,14221.62695,13241820,0.641095459,0.00991137,351333216,14097.19922,11005417,7363.44873,3107929
37509,179.8514709,732382.0625,1134480768,11474.10352,22088398,4072.149658,6265481.5,259.8013611,14176.09863,13312701,0.645100832,0.010106683,351366688,14097.19922,11075903,7401.953125,3144938.75
37514,179.5371094,721988.1875,1138090624,11462.99512,22068290,4021.387207,6285588.5,259.8647766,14131.53418,13383358,0.6491853,0.010307103,351399968,14097.19922,11146389,7441.607422,3182146.75
37519,179.2551422,711497.9375,1141648128,11451.50195,22048444,3969.191406,6305434.5,259.9348145,14086.18652,13453789,0.653391182,0.010516278,351433024,14097.19922,11216875,7482.311035,3219558.25
37524,179.0048828,700913,1145152768,11438.89551,22028866,3915.608154,6325012.5,260.011322,14038.96191,13523984,0.657693505,0.010733553,351465888,14097.19922,11287361,7523.287109,3257174.75
37527,178.8548279,694397.8125,1147235968,11430.48828,22017218,3882.46582,6336660,260.0594482,14009.17578,13566012,0.660341203,0.010869882,351485536,14097.19922,11329652,7548.021973,3279818.75
37530,178.7197571,687904.75,1149299584,11421.89258,22005670,3849.069092,6348207,260.1098022,13979.39746,13607950,0.663009524,0.011008536,351505120,14097.19922,11371944,7572.82373,3302537.25
37531,178.5025482,685424.875,1149985024,11436.87793,22001830,3839.860107,6352047,260.1248474,13986.62109,13621936,0.664256275,0.011083663,351511616,14102.32617,11386046,7597.017578,3310134.25
37534,178.6015625,681524.0625,1152029568,11439.9834,21990382,3815.890625,6363495,260.1727905,13977.57617,13663869,0.666442633,0.01118683,351531072,14102.32617,11428353,7624.093262,3333006.75
37539,178.5311584,671829.375,1155388800,11429.66406,21971566,3763.093018,6382310,260.2591553,13935.94531,13733549,0.67076087,0.011411485,351563232,14102.32617,11498865,7666.571289,3371339.5
37544,178.5140381,662640.875,1158701952,11421.12402,21953006,3711.981934,6400870,260.350769,13897.80176,13803038,0.67498982,0.011633968,351595200,14102.32617,11569377,7709.142578,3409885.25
37549,178.5527954,654059.5,1161972224,11414.31152,21934690,3663.115479,6419185.5,260.4464111,13863.43652,13872355,0.67907697,0.011850905,351626976,14102.32617,11639888,7751.196289,3448641.25
37554,178.574707,645832.75,1165201408,11409.43066,21916608,3616.596924,6437268.5,260.5454712,13832.1582,13941516,0.683016896,0.012066334,351658528,14102.32617,11710400,7792.833984,3487605.25
37557.5,178.6067963,640410.75,1167442816,11408.05273,21904058,3585.590088,6449818.5,260.6161804,13813.38965,13989863,0.685696602,0.012214758,351680480,14102.32617,11759758,7822.462891,3514984
37561,178.6382599,635140.8125,1169665920,11407.11523,21891614,3555.458008,6462262.5,260.6881714,13795.62207,14038147,0.688312232,0.012362072,351702368,14102.32617,11809116,7851.656738,3542464.75
37562,178.548233,633595.0625,1170299520,11424.99609,21888066,3548.593262,6465811,260.7070313,13808.89258,14051956,0.689400911,0.012431288,351708608,14108.70313,11823225,7876.402832,3550341.25
37565,178.6498718,630999.1875,1172192512,11435.48438,21877468,3532.043945,6476407,260.7648315,13811.62598,14093391,0.691132963,0.012525278,351727232,14108.70313,11865551,7903.44043,3574051.5
37570,178.7131958,624189.875,1175313408,11436.5498,21860006,3492.69043,6493870.5,260.8645935,13791.1416,14162347,0.694602787,0.012726671,351758048,14108.70313,11936094,7943.859375,3613770.75
37575,178.7877197,617634.875,1178401536,11438.42383,21842732,3454.571045,6511143.5,260.9667358,13772.21387,14231208,0.697985351,0.012926492,351788672,14108.70313,12006638,7983.852051,3653690
37580,178.8778687,611368.0625,1181458432,11440.84473,21825644,3417.795898,6528232.5,261.0706177,13754.77344,14299982,0.701263666,0.013123106,351819104,14108.70313,12077181,8023.04834,3693805.25
37585,178.9810333,605372.8125,1184485248,11443.9541,21808732,3382.329346,6545144,261.1760559,13738.91895,14368676,0.704443991,0.013316794,351849344,14108.70313,12147725,8061.625,3734113.5
37588,179.062088,601973.1875,1186291200,11446.47656,21798646,3361.812744,6555229.5,261.2397766,13730.6748,14409868,0.70630151,0.013430272,351867392,14108.70313,12190051,8084.664063,3758367.5
37591,179.154007,598698.75,1188087296,11449.1543,21788620,3341.810547,6565255,261.3036194,13723.16895,14451038,0.708117247,0.013541608,351885408,14108.70313,12232377,8107.34375,3782689.5
37592,179.0665588,597404.4375,1188684672,11467.21094,21785284,3336.214355,6568591,261.3233643,13737.54199,14464775,0.709064901,0.01361054,351891392,14116.23242,12246493,8130.99707,3790820.5
37595,179.2357483,595778,1190472064,11479.89063,21775306,3323.990723,6578563,261.3833313,13745.80371,14506013,0.710451007,0.013689495,351909280,14116.23242,12288842,8155.899902,3815288.25
37600,179.3906708,590730.8125,1193425664,11484.49902,21758832,3292.985107,6595028,261.4855042,13734.73242,14574687,0.713266969,0.013866744,351938912,14116.23242,12359423,8191.513184,3856245.75
37605,179.5317993,585756.25,1196354432,11489.41602,21742520,3262.688232,6611341.5,261.5890808,13724.0166,14643307,0.716026604,0.014044627,351968352,14116.23242,12430004,8226.727539,3897379.25
37610,179.6902924,580994.3125,1199259392,11494.01758,21726352,3233.309326,6627508,261.6937561,13713.74121,14711875,0.718696296,0.014218225,351997632,14116.23242,12500586,8260.708008,3938682.75
37615,179.8434448,576404,1202141440,11498.96973,21710326,3205.032227,6643533,261.7993164,13704.35938,14780397,0.721276581,0.014389103,352026752,14116.23242,12571167,8293.9375,3980152.5
37618,179.9404144,573682.375,1203862528,11501.83594,21700762,3188.179443,6653097.5,261.8630981,13698.61426,14821493,0.722811282,0.014491742,352044160,14116.23242,12613515,8313.65625,4005093.5
37621,180.0324097,570999.0625,1205575552,11504.80371,21691246,3171.645996,6662612.5,261.9272156,13693.18848,14862573,0.724319875,0.014593995,352061504,14116.23242,12655864,8333.157227,4030093
37622,180.0632324,570111,1206145664,11505.72656,21688080,3166.171143,6665779,261.9485779,13691.24902,14876264,0.724817812,0.014627949,352067296,14116.23242,12669980,8339.554688,4038432.5
37623,180.0925751,569222.8125,1206714880,11506.7168,21684918,3160.723145,6668939.5,261.9698792,13689.45801,14889953,0.725314915,0.014662087,352073056,14116.23242,12684097,8345.994141,4046778.5
