OPR,OPRH,GPR,GPRH,WCT,WCTH,OPT,OPTH,GPT,GPTH,WPT,WPTH,Date,BHP,GOR,PI,Temperature
0,0,0,0,0,0,0,0,0,0,0,0,0,0,0,0,415
0,0,0,0,0,0,0,0,0,0,0,0,1,0,0,0,414.9815
0,0,0,0,0,0,0,0,0,0,0,0,4,0,0,0,414.963
0,0,0,0,0,0,0,0,0,0,0,0,4.5,0,0,0,414.9445
0,0,0,0,0,0,0,0,0,0,0,0,5.125,0,0,0,414.926
0,0,0,0,0,0,0,0,0,0,0,0,6.1015625,0,0,0,414.9075
0,0,0,0,0,0,0,0,0,0,0,0,7.627441406,0,0,0,414.889
0,0,0,0,0,0,0,0,0,0,0,0,10.0116272,0,0,0,414.8705
0,0,0,0,0,0,0,0,0,0,0,0,13.7369175,0,0,0,414.852
0,0,0,0,0,0,0,0,0,0,0,0,18.7369175,0,0,0,414.8335
0,0,0,0,0,0,0,0,0,0,0,0,23.7369175,0,0,0,414.815
0,0,0,0,0,0,0,0,0,0,0,0,27.3684597,0,0,0,414.7965
0,0,0,0,0,0,0,0,0,0,0,0,27.73161316,0,0,0,414.778
0,0,0,0,0,0,0,0,0,0,0,0,28.18555641,0,0,0,414.7595
0,0,0,0,0,0,0,0,0,0,0,0,28.89484024,0,0,0,414.741
0,0,0,0,0,0,0,0,0,0,0,0,29.94742012,0,0,0,414.7225
0,0,0,0,0,0,0,0,0,0,0,0,31,0,0,0,414.704
3785.250244,3862.069092,1883415.75,710620.6875,0.204860479,0.009547697,10235.95508,3862.069092,1883415.75,710620.6875,2637.200928,37.22932053,32,287.4881287,184,841.5610352,414.6855
3784.739502,3862.069092,1888377.625,710620.6875,0.201875389,0.009547697,12624.82422,4761.03125,2322967.75,876029.75,3241.434814,45.89507675,32.2327652,286.117218,184,840.3549805,414.667
3783.823486,3862.069092,1892167.125,710620.6875,0.19957754,0.009547697,15616.90332,5884.733887,2873510.25,1082791,3987.480469,56.72727585,32.52372742,284.8120728,184,838.399353,414.6485
3782.59375,3862.069092,1896578,710620.6875,0.196897924,0.009547697,20302.92578,7640.519531,3735738.25,1405855.625,5136.36084,73.65258026,32.97834778,283.1887207,184,834.9295654,414.63
3781.108154,3862.069092,1902268.75,710620.6875,0.193433926,0.009547697,27646.80469,10383.93457,5087012,1910643.875,6897.599609,100.0983734,33.68869781,281.1421509,184,829.045105,414.6115
3779.339111,3862.069092,1909801.375,710620.6875,0.188835889,0.009547697,39167.05469,14670.52051,7206738,2699375.75,9579.469727,141.4199219,34.79861832,278.5486145,184,819.1296997,414.593
3779.071533,3862.069092,1910978.25,710620.6875,0.1881354,0.009547697,40968.20313,15340.2998,7538149,2822615,9996.853516,147.8764191,34.97204208,278.1574707,184,817.5523682,414.5745
3778.758545,3862.069092,1912378.5,710620.6875,0.187278867,0.009547697,43221.28906,16177.52344,7952717,2976664.25,10516.04199,155.9470367,35.1888237,277.6835938,184,815.56427,414.556
3778.302002,3862.069092,1914513,710620.6875,0.185971081,0.009547697,46745.66016,17485.68555,8601202,3217366,11321.21191,168.557373,35.52754211,276.9785767,184,812.4267578,414.5375
3777.638672,3862.069092,1917708.625,710620.6875,0.184010789,0.009547697,52261.6875,19529.68945,9616151,3593462.75,12565.11133,188.2610168,36.05679321,275.9510193,184,807.4530029,414.519
3776.677979,3862.069092,1922377.625,710620.6875,0.181141555,0.009547697,60901.46484,22723.44531,11205870,4181113.75,14476.33594,219.0479736,36.8837471,274.4525452,184,799.6034546,414.5005
3775.236572,3862.069092,1928993,710620.6875,0.177065805,0.009547697,74447.57031,27713.6875,13698353,5099318.5,17390.9707,267.1525879,38.17586517,272.2919617,184,787.3035889,414.482
3772.999268,3862.069092,1937773.25,710620.6875,0.171637818,0.009547697,95709.70313,35510.94141,17610586,6534013,21796.51367,342.31604,40.19479752,269.1826172,184,768.1538086,414.4635
3769.322266,3862.069092,1948801.875,710620.6875,0.164790422,0.009547697,129120.8672,47694.15234,23758240,8775724,28388.67969,459.7589722,43.34937668,264.6768188,184,737.7920532,414.445
3768.730713,3862.069092,1950522.875,710620.6875,0.163755909,0.009547697,134345.9688,49597.77734,24719658,9125991,29411.875,478.1094055,43.84228134,263.9810486,184,733.0015259,414.4265
3767.982178,3862.069092,1952442.25,710620.6875,0.162560388,0.009547697,140883.7813,51977.3125,25922614,9563825,30680.96875,501.0474854,44.45841217,263.1173401,184,727.0995483,414.408
3766.733887,3862.069092,1955211.875,710620.6875,0.160831898,0.009547697,151113.5938,55695.33203,27804900,10247941,32641.57813,536.8882446,45.42111206,261.7940674,184,717.9355469,414.3895
3764.714844,3862.069092,1958984.25,710620.6875,0.158474997,0.009547697,167128.5156,61504.74219,30751646,11316872,35657.48828,592.8893433,46.92533493,259.7834167,184,703.5696411,414.371
3764.406494,3862.069092,1959574,710620.6875,0.158122301,0.009547697,169631.6094,62412.46094,31212214,11483892,36127.62109,601.6395264,47.16036987,259.4725342,184,701.3328247,414.3525
3764.012451,3862.069092,1960261.5,710620.6875,0.15769276,0.009547697,172761.5625,63547.10938,31788126,11692668,36713.59766,612.5772705,47.4541626,259.0841064,184,698.5264282,414.334
3763.386475,3862.069092,1961313.25,710620.6875,0.157034472,0.009547697,177654.7344,65320,32688472,12018880,37625.13672,629.6674805,47.91321564,258.4787292,184,694.1348267,414.3155
3762.380615,3862.069092,1962876,710620.6875,0.156055957,0.009547697,185306.4219,68090.14063,34096380,12528586,39040.03125,656.3709106,48.63048172,257.5440369,184,687.2451782,414.297
3760.726318,3862.069092,1964969.25,710620.6875,0.154745057,0.009547697,197274.9219,72418.48438,36298584,13325001,41231.16406,698.0949707,49.75121689,256.1055603,184,676.3894653,414.2785
3758.152588,3862.069092,1967849.25,710620.6875,0.152940303,0.009547697,216003.1094,79181.53125,39744572,14569401,44612.62109,763.2888794,51.50235748,253.9009247,184,659.7356567,414.26
3753.794434,3862.069092,1971278,710620.6875,0.150792226,0.009547697,245316.9063,89748.78125,45138312,16513775,49817.81641,865.1544189,54.23852158,250.5302429,184,633.7755127,414.2415
3748.663086,3862.069092,1973925.125,710620.6875,0.149144799,0.009547697,276221.0625,100874.3906,50824676,18560888,55234.94531,972.4023438,57.1192627,247.0493774,184,605.8071289,414.223
3742.864014,3862.069092,1975821.25,710620.6875,0.147971615,0.009547697,307154.875,112000,56516500,20608000,60607.21875,1079.650269,60,243.6261902,184,578.3564453,414.2045
3723.598877,3833.85791,2008603.5,705429.875,0.147200748,0.01296559,308246.5313,112383.3906,56717360,20678542,60795.64453,1084.686401,60.09999847,243.5649719,184,577.4172974,414.186
3723.314941,3833.85791,2008741,705429.875,0.147115812,0.01296559,309611.1563,112862.625,56968452,20766722,61031.03125,1090.981567,60.22499847,243.425293,184,576.2729492,414.1675
3722.911621,3833.85791,2008911.625,705429.875,0.14701046,0.01296559,311743.5625,113611.4219,57360816,20904500,61398.55078,1100.817749,60.42031097,243.2027893,184,574.4243164,414.149
3722.255859,3833.85791,2009131.5,705429.875,0.146875024,0.01296559,315075.8438,114781.4219,57973956,21119782,61972.23828,1116.186768,60.72548676,242.8503723,184,571.5288086,414.1305
3721.214844,3833.85791,2009428,705429.875,0.146692649,0.01296559,320283.2813,116609.5469,58932124,21456156,62867.45313,1140.200806,61.20232391,242.2969055,184,566.9790649,414.112
3719.535889,3833.85791,2009813.125,705429.875,0.146456629,0.01296559,328421.5,119465.9922,60429552,21981742,64263.85938,1177.7229,61.94738388,241.4284973,184,559.8171387,414.0935
3716.776367,3833.85791,2010310,705429.875,0.146153241,0.01296559,341140.5625,123929.1953,62769864,22802970,66440.98438,1236.350952,63.11153793,240.0727692,184,548.6378784,414.075
3712.192383,3833.85791,2010767.5,705429.875,0.14587824,0.01296559,361018.625,130902.9375,66427428,24086140,69836.02344,1327.95752,64.93052673,237.9673615,184,531.4180908,414.0565
3704.258789,3833.85791,2011077.375,705429.875,0.145701617,0.01296559,392082.9063,141799.4219,72143256,26091092,75134.07813,1471.092529,67.77269745,234.7135162,184,504.520813,414.038
3690.045898,3833.85791,2011005.375,705429.875,0.145773202,0.01296559,440619.0938,158825.1719,81073912,29223830,83416.74219,1694.741211,72.21359253,229.7171326,184,463.0016785,414.0195
3676.87207,3833.85791,2006946.5,705429.875,0.14634265,0.01296559,495286.0313,177994.4531,91108640,32750980,92788.30469,1946.547119,77.21359253,224.2336426,184,407.9627075,414.001
3658.363281,3833.85791,2000494.125,705429.875,0.147571534,0.01296559,549962.9375,197163.75,101111112,36278128,102253.9141,2198.353027,82.21359253,219.0944977,184,350.9051208,413.9825
3633.072754,3833.85791,1994475.375,705429.875,0.149184495,0.01296559,597985.4375,214006.6719,109873256,39377228,110674.3203,2419.600098,86.60679626,214.7758789,184,306.5689392,413.964
3603.845215,3833.85791,1983807,705429.875,0.15178369,0.01296559,645985,230849.5938,118588528,42476328,119263.5781,2640.847168,91,210.1119537,184,262.5422058,413.9455
2180.013916,2304.021973,1703443.75,423940.1875,0.150233731,0.026035957,655293.5,233153.625,120291968,42900268,120909.2734,2702.438232,92,218.3623352,184.000061,270.7606506,413.927
2169.389404,2304.021973,1704763.5,423940.1875,0.149676487,0.026035957,683169.1875,240051.3281,125395632,44169444,125816.0391,2886.827148,94.99376678,218.9280548,184.000061,265.0291138,413.9085
2154.97876,2304.021973,1706079.75,423940.1875,0.148083702,0.026035957,729796.875,251571.4375,133926032,46289144,133921.0469,3194.782227,99.99376678,217.9539337,184.000061,248.830719,413.89
2140.907959,2304.021973,1707388.875,423940.1875,0.14620398,0.026035957,776512.5,263091.5313,142462976,48408844,141920.625,3502.737305,104.9937668,216.486496,184.000061,232.5929413,413.8715
2126.252441,2304.021973,1708552.25,423940.1875,0.144289166,0.026035957,823319.8125,274611.6563,151005744,50528548,149813.25,3810.692139,109.9937668,214.7815704,184.000061,216.9222565,413.853
2110.664307,2304.021973,1708923.625,423940.1875,0.142885655,0.026035957,870201.1875,286131.75,159550352,52648248,157628.625,4118.647461,114.9937668,212.9352112,184.000061,202.0942535,413.8345
2101.556152,2304.021973,1709088.75,423940.1875,0.142073125,0.026035957,898385.75,293051,164682944,53921388,162296,4303.612305,117.9968796,211.7938385,184.000061,193.9919434,413.816
2092.304688,2304.021973,1709109.75,423940.1875,0.141373202,0.026035957,926595.3125,299970.25,169815600,55194532,166940.7188,4488.577148,121,210.6162872,184.000061,185.9874115,413.7975
1551.975342,1664.161011,1482177.25,306205.5938,0.139099628,0.061708622,934716.9375,301634.4063,171297776,55500736,168252.9688,4598.023926,122,214.7094421,183.9999847,188.7830963,413.779
1546.190796,1664.161011,1483483.875,306205.5938,0.138135716,0.061708622,959098.8125,306626.9063,175748240,56419356,172160.7813,4926.364746,125,214.9217224,183.9999847,187.0270996,413.7605
1538.489258,1664.161011,1485698.5,306205.5938,0.136015832,0.061708622,999806.5,314947.7188,183176720,57950384,178569.3281,5473.599121,130,214.4878082,183.9999847,181.8514862,413.742
1531.634644,1664.161011,1487849,306205.5938,0.133861855,0.061708622,1040588.125,323268.5,190615968,59481408,184872.1406,6020.833984,135,213.8740997,183.9999847,176.4139862,413.7235
1525.684326,1664.161011,1489916.5,306205.5938,0.131768689,0.061708622,1081442.625,331589.3125,198065552,61012436,191072.5,6568.068359,140,213.2146149,183.9999847,171.4073944,413.705
1520.220825,1664.161011,1491840.5,306205.5938,0.129802272,0.061708622,1122366.375,339910.125,205524752,62543464,197176.8594,7115.302734,145,212.5409241,183.9999847,166.7451324,413.6865
1516.401245,1664.161011,1493095.75,306205.5938,0.128514916,0.061708622,1151045.125,345734.6875,210750592,63615184,201406,7498.366699,148.5,212.0679626,183.9999847,163.577713,413.668
1516.083496,1664.161011,1493236.75,306205.5938,0.128387988,0.061708622,1153913.25,346317.1563,211273216,63722356,201828.5,7536.67334,148.8500061,212.0205841,183.9999847,163.2624664,413.6495
1515.599243,1664.161011,1493386.125,306205.5938,0.128232509,0.061708622,1157499,347045.2188,211926576,63856324,202355.9375,7584.556152,149.2875061,211.960556,183.9999847,162.8701477,413.631
1514.799561,1664.161011,1493610.375,306205.5938,0.127997085,0.061708622,1163102.875,348182.8125,212947600,64065644,203178.5,7659.373535,149.9710999,211.8684845,183.9999847,162.2601166,413.6125
1513.69165,1664.161011,1493944.625,306205.5938,0.127645046,0.061708622,1171421.625,349871.0313,214463136,64376272,204395.7188,7770.402344,150.9855499,211.7320404,183.9999847,161.3672333,413.594
1512.578491,1664.161011,1494273.875,306205.5938,0.127299011,0.061708622,1179742.875,351559.25,215979008,64686904,205609.5156,7881.431152,152,211.5954895,183.9999847,160.4852448,413.5755
1637.524902,1737.487061,1352685.125,319697.5938,0.134126455,0.114873283,1187186.875,353296.75,217331696,65006604,206762.6094,8106.925293,153,210.285965,183.9999847,158.5068207,413.557
1633.327026,1737.487061,1352538.375,319697.5938,0.133954957,0.114873283,1209525,358509.1875,221389312,65965696,210217.75,8783.407227,156,209.7039948,183.9999847,155.1904144,413.5385
1624.40625,1737.487061,1353213.75,319697.5938,0.13333942,0.114873283,1246773.125,367196.625,228155376,67564184,215948.5313,9910.87793,161,209.5253143,183.9999847,151.815094,413.52
1614.105591,1737.487061,1354331.375,319697.5938,0.132738069,0.114873283,1284031,375884.0625,234927040,69162672,221651,11038.34863,166,209.9740143,183.9999847,150.0261688,413.5015
1603.034424,1737.487061,1355704.5,319697.5938,0.132175982,0.114873283,1321292.5,384571.5,241705552,70761160,227326.2031,12165.81934,171,210.8210602,183.9999847,149.1767426,413.483
1591.582153,1737.487061,1357093.75,319697.5938,0.131785959,0.114873283,1358549.125,393258.9375,248491024,72359648,232981.3906,13293.28906,176,211.9137268,183.9999847,148.8077393,413.4645
1584.957153,1737.487061,1357942.125,319697.5938,0.131629214,0.114873283,1380899.75,398471.4063,252564848,73318744,236369.3438,13969.77148,179,212.6482849,183.9999847,148.727951,413.446
1578.744873,1737.487061,1358933.75,319697.5938,0.131416917,0.114873283,1403247.75,403683.875,256641648,74277832,239750.5938,14646.25391,182,213.448288,183.9999847,148.7683105,413.4275
1968.992676,2132.603027,1329698.75,392398.9063,0.142987415,0.141419023,1410563.25,405816.4688,257971360,74670232,240971.1406,14997.52051,183,209.7287903,183.9999695,145.4111176,413.409
1960.924927,2132.603027,1329021.875,392398.9063,0.143775627,0.141419023,1432494.875,412214.2813,261958416,75847432,244653.8594,16051.31934,186,209.5548248,183.9999695,142.5131226,413.3905
1947.924194,2132.603027,1329321.75,392398.9063,0.144436896,0.141419023,1469015.25,422877.2813,268605024,77809424,250819.2656,17807.65234,191,210.0680847,183.9999695,139.7801056,413.372
1936.116333,2132.603027,1330106,392398.9063,0.144835204,0.141419023,1505508,433540.3125,275255552,79771416,256999.8594,19563.98242,196,210.8397217,183.9999695,137.9012909,413.3535
1925.423218,2132.603027,1331086.875,392398.9063,0.145080999,0.141419023,1541977,444203.3125,281911008,81733416,263188.6875,21320.31445,201,211.7112885,183.9999695,136.5359955,413.335
1915.891113,2132.603027,1332133,392398.9063,0.145209029,0.141419023,1578426.375,454866.3438,288571648,83695408,269380.5938,23076.64648,206,212.6312256,183.9999695,135.5755157,413.3165
1909.558716,2132.603027,1332808.375,392398.9063,0.145295486,0.141419023,1603932,462330.4375,293236480,85068800,273716.4375,24306.08008,209.5,213.2771301,183.9999695,134.9464874,413.298
1904.033691,2132.603027,1333560.125,392398.9063,0.145287916,0.141419023,1629430.75,469794.5625,297903936,86442200,278050.8125,25535.51172,213,213.9214478,183.9999695,134.4801178,413.2795
1878.925659,2093.759033,1256513.25,385251.6875,0.148284048,0.148614183,1636294.5,471888.3125,299160448,86827448,279245.8125,25900.99023,214,214.3695526,184.0000153,134.5322113,413.261
1875.03186,2093.759033,1257135.375,385251.6875,0.148330361,0.148614183,1656879.5,478169.5938,302931872,87983208,282831,26997.42188,217,214.9933472,184.0000153,134.4621429,413.2425
1869.973633,2093.759033,1258420.25,385251.6875,0.148052156,0.148614183,1691182.125,488638.375,309223968,89909464,288792.125,28824.80859,222,215.9483948,184.0000153,134.5066681,413.224
1866.177856,2093.759033,1259812.25,385251.6875,0.147593483,0.148614183,1725484.625,499107.1875,315523040,91835720,294731.5625,30652.19531,227,216.8538513,184.0000153,134.7592468,413.2055
1863.428467,2093.759033,1261278.125,385251.6875,0.147001803,0.148614183,1759791.25,509575.9688,321829408,93761984,300643.8125,32479.58203,232,217.7211304,184.0000153,135.2039642,413.187
1861.546021,2093.759033,1262794.75,385251.6875,0.146306351,0.148614183,1794105.75,520044.7813,328143392,95688240,306524.6563,34306.96875,237,218.552002,184.0000153,135.8128967,413.1685
1860.067627,2093.759033,1263706.5,385251.6875,0.145793498,0.148614183,1818128.75,527372.9375,332566368,97036624,310624.8125,35586.14063,240.5,219.1141205,184.0000153,136.2497864,413.15
1858.931641,2093.759033,1264582.75,385251.6875,0.145263731,0.148614183,1842155.625,534701.0625,336992416,98385000,314708.2188,36865.3125,244,219.6472931,184.0000153,136.7004242,413.1315
1796.578613,2010.439941,1198256.625,369920.9063,0.146490335,0.1565478,1848657.375,536711.5,338190656,98754920,315824.1563,37238.45703,245,220.5039063,183.9999847,137.3035736,413.113
1795.586914,2010.439941,1199085.875,369920.9063,0.146040753,0.1565478,1868163.375,542742.875,341787936,99864688,319159.9688,38357.89063,248,221.157608,183.9999847,138.2016449,413.0945
1795.018188,2010.439941,1200526.875,369920.9063,0.145105526,0.1565478,1900682.75,552795.0625,347790560,101714288,324679.6563,40223.61719,253,222.0435638,183.9999847,139.4720001,413.076
1794.843628,2010.439941,1201928.375,369920.9063,0.144157961,0.1565478,1933213.375,562847.25,353800192,103563896,330159.0938,42089.33984,258,222.8426666,183.9999847,140.6943054,413.0575
1794.872803,2010.439941,1203275.625,369920.9063,0.143229455,0.1565478,1965755.5,572899.4375,359816576,105413496,335599.2813,43955.06641,263,223.5856476,183.9999847,141.9256744,413.039
1795.037842,2010.439941,1204550.75,369920.9063,0.14233835,0.1565478,1998309.125,582951.625,365839328,107263104,341001.9063,45820.78906,268,224.2738647,183.9999847,143.1734467,413.0205
1795.321045,2010.439941,1205320,369920.9063,0.141789272,0.1565478,2017845.75,588982.9375,369455296,108372864,344229.6563,46940.22656,271,224.6790009,183.9999847,144.0255737,413.002
1795.606812,2010.439941,1206059,369920.9063,0.141259536,0.1565478,2037386.75,595014.3125,373073472,109482632,347444.0938,48059.66016,274,225.0668335,183.9999847,144.8802643,412.9835
1739.175781,1925.38501,1154033.75,354270.9063,0.141991287,0.17028591,2043616.375,596939.6875,374227488,109836896,348475.0313,48454.81641,275,225.8257294,184.0000305,145.6276703,412.965
1738.911255,1925.38501,1154732.625,354270.9063,0.141563028,0.17028591,2062306.75,602715.8125,377691712,110899712,351557.2188,49640.28125,278,226.3982086,184.0000305,146.8535461,412.9465
1739.320679,1925.38501,1155473.75,354270.9063,0.140959829,0.17028591,2093466.875,612342.75,383469056,112671064,356670.2813,51616.05859,283,227.1026611,184.0000305,148.0184784,412.928
1739.489502,1925.38501,1156152.75,354270.9063,0.14042148,0.17028591,2124635.25,621969.6875,389249824,114442424,361761.9375,53591.83594,288,227.7215271,184.0000305,149.1143188,412.9095
1739.50061,1925.38501,1156790.375,354270.9063,0.139933392,0.17028591,2155810,631596.625,395033792,116213776,366834.125,55567.61328,293,228.2871704,184.0000305,150.1993713,412.891
1739.523193,1925.38501,1156855.5,354270.9063,0.139769971,0.17028591,2186991,641223.5,400818048,117985128,371900.4063,57543.38672,298,228.7608643,184.0000305,150.58815,412.8725
1739.650513,1925.38501,1156349.875,354270.9063,0.139954343,0.17028591,2208820.75,647962.375,404865280,119225080,375452.75,58926.42969,301.5,229.0144806,184.0000305,150.1380005,412.854
1739.442139,1925.38501,1155909.25,354270.9063,0.140145347,0.17028591,2230652.25,654701.1875,408910976,120465024,379011,60309.47656,305,229.239624,184.0000305,149.7455292,412.8355
1692.388428,1843.719971,1115186.5,339244.5,0.140879154,0.18939583,2236669.75,656544.9375,410026144,120804272,379997.7188,60740.25781,306,229.8174286,184.0000153,149.9060974,412.817
1691.584839,1843.719971,1114902.25,339244.5,0.141095847,0.18939583,2254720,662076.125,413370848,121822008,382962.9375,62032.59766,309,230.1555328,184.0000153,149.9059753,412.7985
1690.574097,1843.719971,1114570.625,339244.5,0.141324744,0.18939583,2284802.25,671294.6875,418943712,123518224,387914,64186.50391,314,230.5847473,184.0000153,149.8567963,412.78
1689.46106,1843.719971,1114277.75,339244.5,0.141557917,0.18939583,2314881,680513.3125,424515104,125214448,392874.0313,66340.40625,319,230.9612427,184.0000153,149.868515,412.7615
1688.244019,1843.719971,1114000.5,339244.5,0.14181219,0.18939583,2344955.5,689731.875,430085088,126910672,397843.7188,68494.3125,324,231.3021851,184.0000153,149.9562073,412.743
1686.901978,1843.719971,1113715.375,339244.5,0.142107576,0.18939583,2375023.5,698950.5,435653696,128606896,402824.4375,70648.21875,329,231.6193848,184.0000153,150.1252136,412.7245
1686.065552,1843.719971,1113532.25,339244.5,0.142307684,0.18939583,2393061.75,704481.6875,438994272,129624632,405817.3125,71940.5625,332,231.800827,184.0000153,150.2527008,412.706
1685.035767,1843.719971,1113309.75,339244.5,0.142559156,0.18939583,2411096.5,710012.8125,442334208,130642360,408815.7813,73232.90625,335,231.9761963,184.0000153,150.4119568,412.6875
1647.475952,1769.734985,1081796.75,325631.1875,0.143175453,0.210984975,2416937,711782.5625,443416000,130967992,409791.7188,73706.14063,336,232.4451904,183.9999695,150.6858673,412.669
1646.10144,1769.734985,1081588.625,325631.1875,0.143492356,0.210984975,2434453,717091.75,446660768,131944888,412726.2188,75125.83594,339,232.7351532,183.9999695,151.0944672,412.6505
1644.406494,1769.734985,1081249,325631.1875,0.143963769,0.210984975,2463634.25,725940.4375,452067008,133573040,417633.75,77492,344,233.1065063,183.9999695,151.7034912,412.632
1642.866333,1769.734985,1080854.5,325631.1875,0.144490927,0.210984975,2492801.75,734789.125,457471296,135201200,422560.0313,79858.15625,349,233.4347992,183.9999695,152.3365631,412.6135
1641.374146,1769.734985,1080387.25,325631.1875,0.145100996,0.210984975,2521954.25,743637.8125,462873216,136829360,427508,82224.32031,354,233.7359772,183.9999695,153.0120697,412.595
1640.024902,1769.734985,1079859,325631.1875,0.145781636,0.210984975,2551089.5,752486.4375,468272512,138457504,432480.2813,84590.48438,359,234.0191803,183.9999695,153.7921753,412.5765
1639.064209,1769.734985,1079422.125,325631.1875,0.146337911,0.210984975,2571474.75,758680.5,472050496,139597216,435974.7813,86246.79688,362.5,234.2097778,183.9999695,154.3622284,412.558
1638.106812,1769.734985,1078911.875,325631.1875,0.146979943,0.210984975,2591849,764874.625,475826688,140736928,439485.375,87903.10938,366,234.3929291,183.9999695,154.948822,412.5395
1608.331787,1711.31604,1607700.25,314882.0938,0.146171406,0.228207454,2600544.25,766585.9375,477434400,141051808,440973.9375,88409.11719,367,234.7674713,183.9999695,155.3095398,412.521
1607.266846,1711.31604,1607794.25,314882.0938,0.145137846,0.228207454,2626660.5,771719.875,482257760,141996464,445407.9375,89927.14844,370,235.0041504,183.9999695,155.9968567,412.5025
1606.033569,1711.31604,1600089.375,314882.0938,0.148012236,0.228207454,2670142.25,780276.4375,490258208,143570864,452961.875,92457.20313,375,235.2920074,183.9999695,157.0400238,412.484
1604.873047,1711.31604,1586524.5,314882.0938,0.1513969,0.228207454,2713631.75,788833,498190848,145145280,460720.7188,94987.25781,380,235.5344391,183.9999695,158.0644073,412.4655
1603.665649,1711.31604,1575513.375,314882.0938,0.155564293,0.228207454,2757055.25,797389.625,506068416,146719696,468720.2813,97517.30469,385,235.7429199,183.9999695,159.0848236,412.447
1602.516968,1711.31604,1563933.125,314882.0938,0.16085647,0.228207454,2800368,805946.1875,513888064,148294096,477023,100047.3594,390,235.9174042,183.9999695,160.1002502,412.4285
1601.56189,1711.31604,1559223.375,314882.0938,0.163960025,0.228207454,2830621.25,811935.8125,519345344,149396192,482956.0625,101818.3984,393.5,236.0240326,183.9999695,160.8150024,412.41
1600.453979,1711.31604,1555307,314882.0938,0.166392878,0.228207454,2860824.25,817925.375,524788928,150498272,488984.7813,103589.4297,397,236.1159668,183.9999695,161.5457611,412.3915
1557.412964,1654.102051,1321512.25,304354.8125,0.169134796,0.235783964,2868130,819579.5,526110432,150802624,490472,104099.7734,398,236.6031342,184.0000153,162.0456085,412.373
1555.977905,1654.102051,1320145.125,304354.8125,0.170891374,0.235783964,2890011.75,824541.8125,530070880,151715696,494982.0938,105630.7969,401,236.8181305,184.0000153,162.8199615,412.3545
1554.721069,1654.102051,1317887.375,304354.8125,0.17304422,0.235783964,2926419.5,832812.3125,536660320,153237472,502600.5938,108182.5,406,237.0316162,184.0000153,163.5702057,412.336
1553.927612,1654.102051,1315695.375,304354.8125,0.174714535,0.235783964,2962786,841082.8125,543238784,154759248,510299.5,110734.2031,411,237.1889038,184.0000153,164.4219513,412.3175
1553.139648,1654.102051,1312173.875,304354.8125,0.176647127,0.235783964,2999123,849353.3125,549799680,156281008,518095.4375,113285.9063,416,237.2691956,184.0000153,163.6290131,412.299
1552.887939,1654.102051,1308915.625,304354.8125,0.178244695,0.235783964,3031808.5,856796.8125,555689792,157650608,525185.1875,115582.4453,420.5,237.3039856,184.0000153,162.8234558,412.2805
1553.018677,1654.102051,1305805.25,304354.8125,0.179669634,0.235783964,3064480.5,864240.25,561565888,159020208,532341,117878.9766,425,237.3214264,184.0000153,162.236496,412.262
1511.859741,1610.536011,1304735.875,296338.5938,0.173564002,0.235640809,3071723,865850.8125,562870656,159316544,533862.0625,118375.4844,426,237.7712402,183.9999847,162.119339,412.2435
1511.655029,1610.536011,1302180.375,296338.5938,0.175507516,0.235640809,3093421,870682.375,566777152,160205568,538480.8125,119865,429,237.9083862,183.9999847,161.8993683,412.225
1511.657471,1610.536011,1301770.625,296338.5938,0.175829232,0.235640809,3097036.5,871487.6875,567428096,160353728,539252.125,120113.25,429.5,237.9269104,183.9999847,161.8640594,412.2065
1511.689575,1610.536011,1301270.125,296338.5938,0.17621845,0.235640809,3101554.5,872494.25,568241344,160538944,540218.625,120423.5625,430.125,237.9478455,183.9999847,161.8215637,412.188
1511.781982,1610.536011,1300517.5,296338.5938,0.176798731,0.235640809,3108611.25,874067.0625,569511424,160828336,541734.1875,120908.4297,431.1015625,237.9762421,183.9999847,161.7588348,412.1695
1511.962402,1610.536011,1299373.875,296338.5938,0.177668169,0.235640809,3119630.5,876524.5,571494080,161280512,544115,121666.0391,432.6274414,238.0149384,183.9999847,161.6687469,412.151
1511.994995,1610.536011,1299202.25,296338.5938,0.17779927,0.235640809,3121352.25,876908.5,571803840,161351168,544487.25,121784.4141,432.8658752,238.0206451,183.9999847,161.6548767,412.1325
1512.029907,1610.536011,1298977.25,296338.5938,0.177969947,0.235640809,3123504,877388.5,572190976,161439488,544953.125,121932.3828,433.1638794,238.0279083,183.9999847,161.6378174,412.114
1512.092285,1610.536011,1298630,296338.5938,0.17823185,0.235640809,3126865.5,878138.4375,572795712,161577472,545682.1875,122163.5859,433.6295471,238.0387573,183.9999847,161.611908,412.0955
1512.190063,1610.536011,1298090.875,296338.5938,0.17863591,0.235640809,3132116.25,879310.25,573740160,161793088,546824.1875,122524.8438,434.3571472,238.0549927,183.9999847,161.5730896,412.077
1512.348267,1610.536011,1297257.625,296338.5938,0.179254889,0.235640809,3140317.25,881141.25,575214976,162129984,548615.3125,123089.3047,435.4940186,238.0787811,183.9999847,161.5162659,412.0585
1512.374268,1610.536011,1297132.75,296338.5938,0.179347858,0.235640809,3141598.5,881427.3125,575445376,162182624,548895.375,123177.5,435.6716309,238.0823517,183.9999847,161.5074768,412.04
1512.403687,1610.536011,1296968.625,296338.5938,0.17946972,0.235640809,3143200,881784.9375,575733376,162248432,549245.625,123287.75,435.8936768,238.0869293,183.9999847,161.4966278,412.0215
1512.452637,1610.536011,1296714.375,296338.5938,0.179657683,0.235640809,3145702,882343.6875,576183296,162351248,549793.5625,123460.0078,436.2406311,238.0939331,183.9999847,161.4800262,412.003
1512.52832,1610.536011,1296318,296338.5938,0.179950044,0.235640809,3149610.75,883216.75,576886016,162511888,550651.3125,123729.1641,436.7827454,238.1046448,183.9999847,161.4548645,411.9845
1512.64563,1610.536011,1295704.125,296338.5938,0.180400148,0.235640809,3155716,884580.9375,577983488,162762896,551995.125,124149.7188,437.6297607,238.1208801,183.9999847,161.4173584,411.966
1512.825439,1610.536011,1294748.25,296338.5938,0.181098431,0.235640809,3165251,886712.5,579697088,163155104,554103.75,124806.8359,438.9532471,238.1452484,183.9999847,161.3626862,411.9475
1512.853149,1610.536011,1294603.25,296338.5938,0.181204543,0.235640809,3166740.75,887045.5,579964800,163216384,554433.4375,124909.5078,439.1600647,238.148941,183.9999847,161.3542328,411.929
1512.887573,1610.536011,1294413.125,296338.5938,0.181343898,0.235640809,3168602.75,887461.875,580299392,163292976,554845.875,125037.8516,439.4185486,238.153656,183.9999847,161.343811,411.9105
1512.94165,1610.536011,1294117.75,296338.5938,0.18155998,0.235640809,3171511.5,888112.3125,580822080,163412672,555491.1875,125238.3906,439.8224487,238.1608887,183.9999847,161.3278656,411.892
1513.025146,1610.536011,1293659.5,296338.5938,0.181894675,0.235640809,3176055.75,889128.75,581638528,163599680,556501.5,125551.7266,440.4535217,238.1719666,183.9999847,161.3037567,411.8735
1513.151123,1610.536011,1292949.625,296338.5938,0.182412207,0.235640809,3183153.25,890716.8125,582913472,163891904,558085.0625,126041.3203,441.4396057,238.188858,183.9999847,161.2678375,411.855
1513.170532,1610.536011,1292843,296338.5938,0.182489827,0.235640809,3184262.25,890965,583112640,163937552,558332.5625,126117.8203,441.593689,238.1914215,183.9999847,161.2622681,411.8365
1513.194824,1610.536011,1292703.25,296338.5938,0.1825919,0.235640809,3185648.25,891275.1875,583361600,163994624,558642.1875,126213.4453,441.7862854,238.1947021,183.9999847,161.2553711,411.818
1513.232544,1610.536011,1292486.625,296338.5938,0.182749882,0.235640809,3187813.75,891759.8125,583750592,164083808,559126.4375,126362.8516,442.0871887,238.1997681,183.9999847,161.244751,411.7995
1513.290527,1610.536011,1292138.25,296338.5938,0.183005691,0.235640809,3191196.75,892517.0625,584358144,164223136,559884.25,126596.3125,442.5574036,238.2075806,183.9999847,161.2285156,411.781
1513.379395,1610.536011,1291600.125,296338.5938,0.183400169,0.235640809,3196481,893700.3125,585307072,164440864,561071.0625,126961.0859,443.2920837,238.2195587,183.9999847,161.2039948,411.7625
1513.391846,1610.536011,1291518.625,296338.5938,0.183459789,0.235640809,3197306.75,893885.1875,585455296,164474880,561256.5625,127018.0781,443.4068909,238.2213745,183.9999847,161.200058,411.744
1513.410889,1610.536011,1291414.125,296338.5938,0.183536485,0.235640809,3198338.75,894116.3125,585640640,164517392,561488.5625,127089.3281,443.5503845,238.2236938,183.9999847,161.1953278,411.7255
1513.436768,1610.536011,1291250.25,296338.5938,0.183656633,0.235640809,3199951.25,894477.375,585930112,164583840,561851.3125,127200.6484,443.7745667,238.2273254,183.9999847,161.1880035,411.707
1513.477051,1610.536011,1290995.625,296338.5938,0.183843195,0.235640809,3202470.25,895041.625,586382400,164687648,562418.6875,127374.5859,444.1249084,238.2329254,183.9999847,161.1767426,411.6885
1513.541504,1610.536011,1290601.875,296338.5938,0.184131205,0.235640809,3206405.25,895923.1875,587088832,164849872,563306.8125,127646.3594,444.6722717,238.2415161,183.9999847,161.1595612,411.67
1513.63623,1610.536011,1289989.125,296338.5938,0.184579268,0.235640809,3212552,897300.625,588192128,165103312,564698.1875,128071.0156,445.5275574,238.2548523,183.9999847,161.1335602,411.6515
1513.648926,1610.536011,1289895.625,296338.5938,0.184647486,0.235640809,3213512.5,897515.875,588364544,165142928,564915.6875,128137.3672,445.6611938,238.256897,183.9999847,161.129364,411.633
1513.666626,1610.536011,1289774.375,296338.5938,0.184736282,0.235640809,3214712.75,897784.9375,588579968,165192432,565187.6875,128220.3047,445.8282471,238.259491,183.9999847,161.1240997,411.6145
1513.69812,1610.536011,1289589.125,296338.5938,0.184871688,0.235640809,3216588.25,898205.3125,588916608,165269776,565613.0625,128349.8984,446.0892639,238.2635193,183.9999847,161.1163483,411.596
1513.741577,1610.536011,1289298.5,296338.5938,0.185084417,0.235640809,3219518.25,898862.125,589442368,165390624,566278.5,128552.3906,446.4971008,238.2698212,183.9999847,161.1044159,411.5775
1513.805542,1610.536011,1288846.5,296338.5938,0.185414866,0.235640809,3224095,899888.375,590263680,165579472,567320.3125,128868.7813,447.1343384,238.2796631,183.9999847,161.0861664,411.559
1513.901001,1610.536011,1288143.375,296338.5938,0.185929745,0.235640809,3231244,901492,591546304,165874528,568953.0625,129363.1406,448.1300049,238.2948608,183.9999847,161.058548,411.5405
1514.040039,1610.536011,1287052,296338.5938,0.186731905,0.235640809,3242407.5,903997.5625,593548608,166335552,571516.25,130135.5859,449.6857605,238.3180084,183.9999847,161.0173492,411.522
1514.063232,1610.536011,1286888.875,296338.5938,0.186851293,0.235640809,3244151.5,904389.0625,593861440,166407584,571917.0625,130256.2734,449.9288635,238.3215027,183.9999847,161.0109558,411.5035
1514.09082,1610.536011,1286675.125,296338.5938,0.187008798,0.235640809,3246331.5,904878.4375,594252416,166497632,572418.5,130407.1406,450.2327271,238.3259888,183.9999847,161.0030518,411.485
1514.127197,1610.536011,1286342.5,296338.5938,0.187253818,0.235640809,3249737,905643.125,594863168,166638336,573203.125,130642.875,450.707489,238.3330536,183.9999847,160.990799,411.4665
1514.186157,1610.536011,1285829.125,296338.5938,0.187631637,0.235640809,3255056.75,906837.875,595817024,166858160,574431.8125,131011.2031,451.4493408,238.3439484,183.9999847,160.9720154,411.448
1514.194702,1610.536011,1285751.5,296338.5938,0.187688529,0.235640809,3255888,907024.5625,595966080,166892512,574623.875,131068.75,451.5652466,238.3456116,183.9999847,160.9689941,411.4295
1514.205688,1610.536011,1285650.375,296338.5938,0.187762976,0.235640809,3256927,907257.875,596152320,166935456,574864,131140.6875,451.710144,238.3477325,183.9999847,160.9651947,411.411
1514.22168,1610.536011,1285493.375,296338.5938,0.18787837,0.235640809,3258550,907622.5,596443328,167002544,575239.5,131253.0938,451.9365234,238.3510284,183.9999847,160.9591217,411.3925
1514.24585,1610.536011,1285249.75,296338.5938,0.188057333,0.235640809,3261086,908192.25,596897984,167107376,575826.875,131428.7344,452.2902832,238.3561554,183.9999847,160.949295,411.374
1514.28894,1610.536011,1284877.125,296338.5938,0.188331619,0.235640809,3265047.5,909082.375,597608192,167271152,576746.0625,131703.1563,452.8429871,238.3642273,183.9999847,160.9358673,411.3555
1514.358276,1610.536011,1284298.75,296338.5938,0.188757271,0.235640809,3271235.25,910473.25,598717312,167527088,578185.8125,132131.9375,453.706604,238.3764191,183.9999847,160.9152374,411.337
1514.426514,1610.536011,1283532.25,296338.5938,0.189321861,0.235640809,3279448,912320.0625,600189120,167866896,580103.8125,132701.2813,454.853302,238.3928833,183.9999847,160.8884277,411.3185
1514.496338,1610.536011,1282774.25,296338.5938,0.189880937,0.235640809,3287657.5,914166.875,601660096,168206704,582028,133270.625,456,238.4091492,183.9999847,160.8621521,411.3
1490.981812,1590.722046,1358537.5,292692.8125,0.185740888,0.232090086,3295232.5,915757.625,603018624,168499392,583755.9375,133751.4063,457,238.680069,183.9999695,160.8392639,411.2815
1490.919556,1590.722046,1355403,292692.8125,0.188085988,0.232090086,3317916.75,920529.75,607084864,169377472,589010.875,135193.7188,460,238.7944794,183.9999695,160.8132324,411.263
1491.113403,1590.722046,1350669,292692.8125,0.191633403,0.232090086,3355619.25,928483.375,613838208,170840944,597948.75,137597.5938,465,238.927536,183.9999695,160.7515717,411.2445
1491.13147,1590.722046,1350189.75,292692.8125,0.191994995,0.232090086,3359388.5,929278.75,614513280,170987280,598844.375,137837.9688,465.5,238.9402618,183.9999695,160.7451477,411.226
1491.163452,1590.722046,1349578.375,292692.8125,0.192454457,0.232090086,3364098.25,930272.9375,615356736,171170224,599966.8125,138138.4531,466.125,238.9558411,183.9999695,160.7369537,411.2075
1491.213257,1590.722046,1348630.5,292692.8125,0.193167537,0.232090086,3371453.25,931826.375,616673792,171456048,601727.6875,138607.9688,467.1015625,238.9791412,183.9999695,160.7237396,411.189
1491.28186,1590.722046,1347171.5,292692.8125,0.194265574,0.232090086,3382935.5,934253.625,618729408,171902672,604496.125,139341.5625,468.6274414,239.0136414,183.9999695,160.7009125,411.1705
1491.363403,1590.722046,1344878.5,292692.8125,0.195993483,0.232090086,3400852,938046.1875,621935872,172600496,608863.625,140487.8125,471.0116272,239.0657043,183.9999695,160.6651001,411.152
1491.45752,1590.722046,1341440.125,292692.8125,0.198756069,0.232090086,3428782.5,943972.125,626933120,173690864,615792.0625,142278.8438,474.736908,239.1433716,183.9999695,160.6066895,411.1335
1491.533569,1590.722046,1336845.875,292692.8125,0.202548787,0.232090086,3466150,951925.6875,633617344,175154336,625283.25,144682.7031,479.736908,239.2433014,183.9999695,160.5276031,411.115
1491.565552,1590.722046,1333924.375,292692.8125,0.20501177,0.232090086,3489504.25,956907.125,637794560,176070912,631305.8125,146188.2656,482.8684692,239.3048401,183.9999695,160.4784546,411.0965
1491.584106,1590.722046,1331052.875,292692.8125,0.207580179,0.232090086,3512804.75,961888.5625,641962816,176987488,637409.5625,147693.8281,486,239.3653259,183.9999695,160.4291992,411.078
1485.792358,1590.866943,1349981.125,292719.5938,0.207955137,0.227686077,3520350.5,963479.375,643312768,177280208,639390.75,148162.8438,487,239.4473419,184.0000458,160.4145355,411.0595
1485.723145,1590.866943,1346741.625,292719.5938,0.210719883,0.227686077,3542932.5,968252,647353024,178158368,645419.5625,149569.8438,490,239.5223236,184.0000458,160.3777313,411.041
1485.720093,1590.866943,1341004.875,292719.5938,0.215550587,0.227686077,3580408.5,976206.3125,654058048,179621968,655717.25,151914.875,495,239.6266785,184.0000458,160.3139343,411.0225
1485.697998,1590.866943,1334633.125,292719.5938,0.220882043,0.227686077,3617706.75,984160.6875,660731200,181085568,666291.375,154259.8906,500,239.7206116,184.0000458,160.2483063,411.004
1485.703491,1590.866943,1333980.25,292719.5938,0.22143136,0.227686077,3621434.75,984956.125,661398208,181231920,667351.6875,154494.3906,500.5,239.7295837,184.0000458,160.2417145,410.9855
1485.70874,1590.866943,1333132.125,292719.5938,0.22214289,0.227686077,3626091.75,985950.375,662231424,181414880,668681.625,154787.5156,501.125,239.7408752,184.0000458,160.2335052,410.967
1485.704102,1590.866943,1331750.125,292719.5938,0.223300457,0.227686077,3633360.75,987504,663531968,181700736,670771.4375,155245.5313,502.1015625,239.7583618,184.0000458,160.2196503,410.9485
1485.67627,1590.866943,1329522.25,292719.5938,0.22516124,0.227686077,3644699.25,989931.4375,665560640,182147392,674066.375,155961.1719,503.6274414,239.7858124,184.0000458,160.1984711,410.93
1485.657593,1590.866943,1325890.75,292719.5938,0.228180483,0.227686077,3662367.75,993724.375,668721792,182845280,679289.8125,157079.3594,506.0116272,239.8262787,184.0000458,160.1656647,410.9115
1485.598145,1590.866943,1319822.75,292719.5938,0.23321113,0.227686077,3689848,999650.8125,673638528,183935744,687647.6875,158826.5469,509.736908,239.8863831,184.0000458,160.1118927,410.893
1485.519653,1590.866943,1313367.5,292719.5938,0.238543823,0.227686077,3716505.5,1005428.125,678408064,184998768,695998.8125,160529.75,513.3684692,239.9414215,184.0000458,160.0571136,410.8745
1485.424805,1590.866943,1306505.375,292719.5938,0.244189322,0.227686077,3743023.5,1011205.438,683152704,186061792,704566.3125,162232.9531,517,239.9931488,184.0000458,159.9989624,410.856
1485.2146,1596.780029,1306962.625,293807.5938,0.245666519,0.223406702,3750328.75,1012802.188,684459648,186355600,706945.4375,162692.3125,518,240.0087585,184.0000458,159.9822693,410.8375
1485.109985,1596.780029,1300751.125,293807.5938,0.2507236,0.223406702,3772140.75,1017592.5,688361920,187237024,714244.125,164070.375,521,240.0481873,184.0000458,159.9297943,410.819
1484.893066,1596.780029,1289951.25,293807.5938,0.259447992,0.223406702,3808194,1025576.438,694811648,188706064,726875.25,166367.1406,526,240.1025696,184.0000458,159.8309631,410.8005
1484.62085,1596.780029,1278474.375,293807.5938,0.268671066,0.223406702,3843927.75,1033560.313,701204032,190175104,740002.875,168663.9063,531,240.1464539,184.0000458,159.7176208,410.782
1484.267212,1596.780029,1266429,293807.5938,0.27827087,0.223406702,3879326.5,1041544.25,707536192,191644144,753651.25,170960.6875,536,240.1798096,184.0000458,159.5865173,410.7635
1483.831055,1596.780029,1253851.5,293807.5938,0.288215607,0.223406702,3914375.5,1049528.125,713805440,193113184,767843.25,173257.4531,541,240.2027435,184.0000458,159.4361725,410.745
1483.533203,1596.780029,1245956.25,293807.5938,0.294411898,0.223406702,3935273.25,1054318.5,717543296,193994608,776563,174635.5156,544,240.2128754,184.0000458,159.3378906,410.7265
1483.19519,1596.780029,1238057.375,293807.5938,0.300562114,0.223406702,3956040,1059108.75,721257472,194876032,785486.875,176013.5781,547,240.2192535,184.0000458,159.2305756,410.708
1485.05188,1604.909058,1231622.25,295303.1875,0.301813841,0.219189331,3962927.5,1060713.75,722489088,195171328,788464.25,176464.1094,548,240.1990814,183.9999542,159.1938324,410.6895
1484.684692,1604.909058,1223570.75,295303.1875,0.308043003,0.219189331,3983457.25,1065528.5,726159808,196057232,797603.625,177815.7031,551,240.1919861,183.9999542,159.0723724,410.671
1483.914795,1604.909058,1210370.875,295303.1875,0.318202406,0.219189331,4017310.25,1073553,732211712,197533760,813403.125,180068.3594,556,240.1678772,183.9999542,158.8431091,410.6525
1483.009155,1604.909058,1197409.25,295303.1875,0.328145444,0.219189331,4050803.5,1081577.5,738198720,199010272,829761.875,182321,561,240.1274719,183.9999542,158.5824585,410.634
1481.892212,1604.909058,1185019,295303.1875,0.337620497,0.219189331,4083950.75,1089602.125,744123840,200486784,846657.3125,184573.6563,566,240.0694122,183.9999542,158.2939911,410.6155
1480.575073,1604.909058,1173426.375,295303.1875,0.346453637,0.219189331,4116772.75,1097626.625,749990976,201963296,864056.625,186826.3125,571,239.9906769,183.9999542,157.9611511,410.597
1479.562988,1604.909058,1165666.5,295303.1875,0.352368772,0.219189331,4139594,1103243.75,754070784,202996864,876473.4375,188403.1719,574.5,239.9257965,183.9999542,157.7010956,410.5785
1478.412842,1604.909058,1158406.875,295303.1875,0.357888967,0.219189331,4162271,1108861,758125184,204030416,889112.6875,189980.0156,578,239.8517456,183.9999542,157.4142761,410.56
1482.551514,1615.965942,1153886.875,297337.8125,0.358185381,0.214809969,4168725.5,1110477,759279104,204327760,892714.875,190422.1094,579,239.7793427,184.0000458,157.3299255,410.5415
1481.469116,1615.965942,1148123.875,297337.8125,0.362533987,0.214809969,4187991.75,1115324.875,762723456,205219776,903671.8125,191748.3906,582,239.6950073,184.0000458,157.046402,410.523
1479.387817,1615.965942,1139209.875,297337.8125,0.36920467,0.214809969,4219852.5,1123404.625,768419520,206706464,922319.8125,193958.8438,587,239.5558777,184.0000458,156.515686,410.5045
1477.056885,1615.965942,1130899.25,297337.8125,0.375394374,0.214809969,4251480,1131484.5,774073984,208193152,941328.375,196169.2969,592,239.4186554,184.0000458,155.9211273,410.486
1474.513062,1615.965942,1123168.5,297337.8125,0.381121457,0.214809969,4282891,1139564.375,779689856,209679840,960672.25,198379.75,597,239.2845154,184.0000458,155.2645416,410.4675
1471.772583,1615.965942,1116040.625,297337.8125,0.38647446,0.214809969,4314097.5,1147644.125,785270080,211166528,980329.9375,200590.2188,602,239.1544342,184.0000458,154.5397034,410.449
1469.712646,1615.965942,1111438.125,297337.8125,0.390065253,0.214809969,4335844.5,1153300,789160064,212207216,994237.375,202137.5313,605.5,239.0662231,184.0000458,153.9880066,410.4305
1467.545654,1615.965942,1106866,297337.8125,0.393527567,0.214809969,4357497.5,1158955.875,793034112,213247888,1008287.563,203684.8438,609,238.9779358,184.0000458,153.3903046,410.412
1471.884155,1626.876953,1104787.625,299345.4063,0.393066525,0.210960254,4363672.5,1160582.875,794138944,213547248,1012286.625,204119.8125,610,238.894516,184.0000305,153.2167969,410.3935
1469.884277,1626.876953,1100864.125,299345.4063,0.395948291,0.210960254,4382131,1165463.5,797441536,214445280,1024386.125,205424.7188,613,238.7993011,184.0000305,152.6566162,410.375
1466.091431,1626.876953,1094634.625,299345.4063,0.40044415,0.210960254,4412724.5,1173597.875,802914688,215942000,1044819.313,207599.5469,618,238.6442566,184.0000305,151.6391602,410.3565
1461.916382,1626.876953,1088569.125,299345.4063,0.404821664,0.210960254,4443149.5,1181732.25,808357504,217438736,1065513.75,209774.3906,623,238.4846344,184.0000305,150.6048126,410.338
1457.355835,1626.876953,1082545.125,299345.4063,0.409166247,0.210960254,4473408,1189866.625,813770240,218935456,1086468.25,211949.2188,628,238.3102722,184.0000305,149.4577332,410.3195
1452.344971,1626.876953,1076639.25,299345.4063,0.413406998,0.210960254,4503502,1198001,819153472,220432192,1107677.5,214124.0625,633,238.1209412,184.0000305,148.1873932,410.301
1449.170898,1626.876953,1073120.5,299345.4063,0.415927798,0.210960254,4521500,1202881.625,822372800,221330224,1120494.25,215428.9688,636,237.9989929,184.0000305,147.3779144,410.2825
1445.812988,1626.876953,1069617.75,299345.4063,0.418430179,0.210960254,4539440,1207762.25,825581632,222228256,1133401.5,216733.8594,639,237.8716125,184.0000305,146.5355072,410.264
1448.358521,1634.785034,1067381.75,300800.4063,0.417433351,0.208330274,4545407.5,1209397,826649024,222529056,1137677.625,217164.0625,640,237.7836304,183.9999695,146.2523651,410.2455
1444.692505,1634.785034,1063806,300800.4063,0.419974029,0.208330274,4563252,1214301.375,829840448,223431456,1150598,218454.6563,643,237.640152,183.9999695,145.3500824,410.227
1437.964233,1634.785034,1058117.125,300800.4063,0.424036324,0.208330274,4592834.5,1222475.25,835131072,224935456,1172377.375,220605.6563,648,237.4056091,183.9999695,143.7372284,410.2085
1430.672974,1634.785034,1052601.25,300800.4063,0.428028494,0.208330274,4622260.5,1230649.25,840394048,226439456,1194397.875,222756.6406,653,237.1718292,183.9999695,142.045639,410.19
1422.836304,1634.785034,1047124.125,300800.4063,0.431974828,0.208330274,4651531,1238823.125,845629696,227943472,1216657.75,224907.6406,658,236.9506378,183.9999695,140.355896,410.1715
1414.5354,1634.785034,1041646.75,300800.4063,0.435894251,0.208330274,4680647,1246997.125,850837888,229447472,1239156.25,227058.625,663,236.7425842,183.9999695,138.6664581,410.153
1408.539795,1634.785034,1037802.938,300800.4063,0.438632131,0.208330274,4700952.5,1252718.875,854470208,230500272,1255022.25,228564.3281,666.5,236.6084747,183.9999695,137.5662231,410.1345
1402.395752,1634.785034,1033965.563,300800.4063,0.441360712,0.208330274,4721182.5,1258440.625,858089088,231553072,1271005,230070.0156,670,236.481369,183.9999695,136.4558868,410.116
1402.880127,1639.014038,1034060.313,301578.6875,0.440261006,0.207205117,4726961.5,1260079.625,859123136,231854656,1275550.625,230498.3906,671,236.4137573,184.000061,136.1387482,410.0975
1397.559692,1639.014038,1030692.75,301578.6875,0.442590207,0.207205117,4744244.5,1264996.625,862215232,232759392,1289273.5,231783.5156,674,236.2949371,184.000061,135.1842651,410.079
1388.604614,1639.014038,1025250.75,301578.6875,0.446350962,0.207205117,4772901.5,1273191.75,867341504,234267280,1312376.75,233925.375,679,236.084137,184.000061,133.6009979,410.0605
1379.348877,1639.014038,1019854.875,301578.6875,0.450098723,0.207205117,4801410,1281386.75,872440768,235775168,1335711.25,236067.25,684,235.8726501,184.000061,132.0552673,410.042
1370.018311,1639.014038,1014515.375,301578.6875,0.453799486,0.207205117,4829771.5,1289581.875,877513344,237283072,1359274.875,238209.1094,689,235.6407623,184.000061,130.5181274,410.0235
1360.449951,1639.014038,1009223.938,301578.6875,0.457494259,0.207205117,4857985.5,1297776.875,882559488,238790960,1383067.625,240350.9844,694,235.4117432,184.000061,129.0027161,410.005
1354.707153,1639.014038,1006058.375,301578.6875,0.459699452,0.207205117,4874861,1302694,885577664,239695696,1397425.625,241636.0938,697,235.2765656,184.000061,128.1424713,409.9865
1348.887817,1639.014038,1002875.5,301578.6875,0.461905062,0.207205117,4891683,1307611,888586240,240600432,1411865.875,242921.2188,700,235.1618805,184.000061,127.3030472,409.968
1348.526611,1640.185059,1005314.625,301794.0938,0.460855812,0.207703128,4897303,1309251.125,889591552,240902224,1416669.5,243351.2031,701,235.0998383,184.0000305,127.0281525,409.9495
1342.796387,1640.185059,1001959.188,301794.0938,0.463043988,0.207703128,4914110,1314171.75,892597440,241807600,1431163.25,244641.1406,704,234.9899902,184.0000305,126.2120743,409.931
1333.349121,1640.185059,996557.5625,301794.0938,0.466605544,0.207703128,4941980.5,1322372.625,897580224,243316576,1455544,246791.0313,709,234.8414612,184.0000305,124.8993835,409.9125
1323.972046,1640.185059,991186.75,301794.0938,0.470183164,0.207703128,4969708,1330573.625,902536192,244825552,1480150.5,248940.9375,714,234.7183685,184.0000305,123.6490784,409.894
1314.602539,1640.185059,985861.75,301794.0938,0.473758876,0.207703128,4997291,1338774.5,907465472,246334512,1504982.875,251090.8281,719,234.6258392,184.0000305,122.4564133,409.8755
1305.385132,1640.185059,980551.6875,301794.0938,0.477324665,0.207703128,5024730,1346975.5,912368256,247843488,1530041,253240.7344,724,234.5509949,184.0000305,121.3024521,409.857
1298.970459,1640.185059,976848.75,301794.0938,0.479802042,0.207703128,5043867,1352716.125,915787200,248899776,1547691.875,254745.6563,727.5,234.5016479,184.0000305,120.5030441,409.8385
1292.568604,1640.185059,973137.5625,301794.0938,0.482278377,0.207703128,5062933.5,1358456.75,919193216,249956048,1565453.125,256250.5938,731,234.4550323,184.0000305,119.7073059,409.82
1291.331543,1637.416992,976358.1875,301284.6875,0.481151551,0.210148051,5068398.5,1360094.125,920169536,250257328,1570520.625,256686.2344,732,234.430542,183.9999695,119.4840546,409.8015
1285.849854,1637.416992,972943.3125,301284.6875,0.483264834,0.210148051,5084741.5,1365006.375,923088384,251161184,1585805.375,257993.1875,735,234.3954315,183.9999695,118.8089447,409.783
1276.673096,1637.416992,967484.25,301284.6875,0.486776829,0.210148051,5111838,1373193.5,927925824,252667616,1611505.75,260171.4531,740,234.3385162,183.9999695,117.6908035,409.7645
1267.419678,1637.416992,962047.4375,301284.6875,0.490335256,0.210148051,5138789.5,1381380.625,932736064,254174032,1637434.875,262349.7188,745,234.2841187,183.9999695,116.63237,409.746
1258.116943,1637.416992,956607.125,301284.6875,0.493927509,0.210148051,5165593,1389567.625,937519104,255680464,1663595.125,264527.9688,750,234.2354126,183.9999695,115.5803223,409.7275
1248.817505,1637.416992,951154.625,301284.6875,0.497521818,0.210148051,5192248,1397754.75,942274880,257186880,1689987.375,266706.2188,755,234.1847839,183.9999695,114.5228806,409.709
1242.250366,1637.416992,947282.0625,301284.6875,0.500067532,0.210148051,5210833,1403485.75,945590336,258241376,1708577.125,268231,758.5,234.1519165,183.9999695,113.7629547,409.6905
1235.680908,1637.416992,943392.25,301284.6875,0.50262171,0.210148051,5229343.5,1409216.625,948892224,259295872,1727283,269755.7813,762,234.1181335,183.9999695,113.0015793,409.672
1233.522949,1630.22998,946790.1875,299962.4063,0.501724601,0.214919373,5234650.5,1410846.875,949838976,259595840,1732626.75,270202.0625,763,234.1119537,184.000061,112.7829132,409.6535
1227.795898,1630.22998,943139.4375,299962.4063,0.503922343,0.214919373,5250518,1415737.625,952668416,260495728,1748745.25,271540.9063,766,234.0907745,184.000061,112.1299667,409.635
1218.322388,1630.22998,937379.125,299962.4063,0.507569611,0.214919373,5276813,1423888.75,957355328,261995536,1775848.625,273772.3125,771,234.056778,184.000061,111.1049423,409.6165
1208.809448,1630.22998,931727.5,299962.4063,0.511250973,0.214919373,5302954,1432039.875,962013952,263495344,1803193,276003.75,776,234.0254974,184.000061,110.0649109,409.598
1199.245483,1630.22998,926190.3125,299962.4063,0.514939189,0.214919373,5328938.5,1440191,966644928,264995152,1830778.125,278235.1563,781,234.0031738,184.000061,109.0080719,409.5795
1190.620972,1630.22998,921236.375,299962.4063,0.518250585,0.214919373,5352198,1447527.125,970790464,266344992,1855799.75,280243.4375,785.5,233.9849396,184.000061,108.0514297,409.561
1181.934692,1630.22998,916199.8125,299962.4063,0.521612525,0.214919373,5375328,1454863.125,974913344,267694816,1881019.875,282251.6875,790,233.9709778,184.000061,107.07798,409.5425
1179.599609,1617.610962,919879.5625,297640.4063,0.520957112,0.223289534,5380487,1456480.75,975833216,267992464,1886630.125,282716.7188,791,233.9722443,184,106.8619843,409.524
1173.777588,1617.610962,916110.9375,297640.4063,0.523219883,0.223289534,5395907,1461333.5,978581568,268885376,1903552,284111.8125,794,233.9734802,184,106.2083282,409.5055
1164.056519,1617.610962,910228.5,297640.4063,0.52697742,0.223289534,5421447,1469421.625,983132736,270373568,1932005.125,286437,799,233.9751892,184,105.1062241,409.487
1154.262329,1617.610962,904448.1875,297640.4063,0.530749023,0.223289534,5446824.5,1477509.625,987654976,271861792,1960708.875,288762.1563,804,233.9762268,184,103.9851074,409.4685
1144.366211,1617.610962,898757.9375,297640.4063,0.534500539,0.223289534,5472040,1485597.75,992148736,273349984,1989662,291087.3125,809,233.9822235,184,102.8395996,409.45
1134.402954,1617.610962,893071.625,297640.4063,0.538253605,0.223289534,5497092.5,1493685.75,996614080,274838176,2018865.25,293412.4688,814,233.9910278,184,101.6742783,409.4315
1127.340576,1617.610962,889028.875,297640.4063,0.540907204,0.223289534,5514548,1499347.375,999725696,275879936,2039431.75,295040.0938,817.5,233.9984894,184,100.8408585,409.413
1120.182007,1617.610962,884917.9375,297640.4063,0.543591499,0.223289534,5531922,1505009,1002822912,276921664,2060124.25,296667.6875,821,234.0097504,184,99.98927307,409.3945
1117.085938,1596.724976,888568.875,293797.4063,0.543184996,0.236657515,5536904,1506605.75,1003711488,277215456,2066048.375,297162.7188,822,234.0289459,184,99.74365234,409.376
1110.87085,1596.724976,884722.5625,293797.4063,0.545478761,0.236657515,5551791.5,1511396,1006365632,278096864,2083915.25,298647.8125,825,234.0482941,184,99.0093689,409.3575
1100.398926,1596.724976,878615.0625,293797.4063,0.54927671,0.236657515,5576439,1519379.625,1010758720,279565856,2113952,301122.9688,830,234.0770874,184,97.76876831,409.339
1089.605591,1596.724976,872687.5,293797.4063,0.553109229,0.236657515,5600917.5,1527363.25,1015122176,281034848,2144248.75,303598.125,835,234.1097412,184,96.58865356,409.3205
1078.753906,1596.724976,867323.375,293797.4063,0.556857944,0.236657515,5625227,1535346.875,1019458816,282503808,2174796.25,306073.25,840,234.1465149,184,95.39733887,409.302
1067.873657,1596.724976,862041.25,293797.4063,0.560477495,0.236657515,5649373.5,1543330.5,1023769024,283972800,2205587.75,308548.4063,845,234.1855164,184,94.20217133,409.2835
1061.341919,1596.724976,858884.75,293797.4063,0.56261158,0.236657515,5663803.5,1548120.625,1026345664,284854208,2224149.25,310033.5,848,234.2085571,184,93.48219299,409.265
1054.79834,1596.724976,855751.125,293797.4063,0.564708412,0.236657515,5678177,1552910.75,1028912896,285735584,2242796,311518.5938,851,234.23349,184,92.7631073,409.2465
1051.23584,1567.692993,859293.3125,288455.5,0.564474344,0.255051255,5682985,1554478.5,1029772224,286024064,2249027.5,312055.3125,852,234.2664337,184,92.51759338,409.228
1044.699219,1567.692993,855951.6875,288455.5,0.566520095,0.255051255,5697354.5,1559181.625,1032340032,286889408,2267806.75,313665.5313,855,234.304718,184,91.83811951,409.2095
1033.846802,1567.692993,851139.875,288455.5,0.569865227,0.255051255,5721150,1567020,1036595776,288331680,2299332.5,316349.2188,860,234.3665924,184,90.74649811,409.191
1023.049866,1567.692993,846413.0625,288455.5,0.573166072,0.255051255,5744794,1574858.5,1040827840,289773984,2331082.25,319032.9063,865,234.4271088,184,89.66132355,409.1725
1012.336304,1567.692993,841472.9375,288455.5,0.576429427,0.255051255,5768289,1582697,1045035200,291216256,2363056.25,321716.5938,870,234.4920349,184,88.58611298,409.154
1001.808472,1567.692993,836495.4375,288455.5,0.579647183,0.255051255,5791637.5,1590535.375,1049217664,292658528,2395253,324400.2813,875,234.5574188,184,87.53236389,409.1355
994.5043335,1567.692993,833004.625,288455.5,0.58188653,0.255051255,5807910,1596022.375,1052133184,293668128,2417899.5,326278.875,878.5,234.6030579,184,86.8007431,409.117
987.2766724,1567.692993,829511.3125,288455.5,0.58411628,0.255051255,5824111.5,1601509.25,1055036480,294677728,2440654.5,328157.4375,882,234.650177,184,86.07302856,409.0985
984.3690186,1531.126953,832768.125,281727.4063,0.583981395,0.278659284,5828755,1603040.375,1055869248,294959456,2447173,328748.9375,883,234.6798553,184.0000305,85.86621857,409.08
978.2298584,1531.126953,829579.0625,281727.4063,0.585890293,0.278659284,5842634,1607633.75,1058357952,295804640,2466809.25,330523.4063,886,234.7280121,184.0000305,85.25996399,409.0615
968.2850342,1531.126953,824474.5625,281727.4063,0.589018583,0.278659284,5865623,1615289.375,1062480320,297213248,2499757.25,333480.8125,891,234.8019867,184.0000305,84.27645111,409.043
958.369873,1531.126953,819486.5625,281727.4063,0.592138469,0.278659284,5888469,1622945,1066577792,298621888,2532924.75,336438.25,896,234.8798828,184.0000305,83.36714935,409.0245
948.7799683,1531.126953,814607.1875,281727.4063,0.595222294,0.278659284,5911172,1630600.75,1070650816,300030528,2566309.75,339395.6875,901,234.9605865,184.0000305,82.49547577,409.006
939.5021973,1531.126953,809851.6875,281727.4063,0.598254561,0.278659284,5933734.5,1638256.375,1074700032,301439168,2599908.25,342353.125,906,235.0408173,184.0000305,81.65486908,408.9875
934.0439453,1531.126953,807043.6875,281727.4063,0.600049555,0.278659284,5947221.5,1642849.75,1077121152,302284352,2620143.25,344127.5625,909,235.0880585,184.0000305,81.16149902,408.969
928.6742554,1531.126953,804268.5,281727.4063,0.601824164,0.278659284,5960659,1647443.125,1079533952,303129536,2640453.5,345902.0313,912,235.136673,184.0000305,80.67644501,408.9505
928.3618774,1490.251953,807431.25,274206.3125,0.601724625,0.306970298,5965152,1648933.375,1080341376,303403744,2647241.5,346562.125,913,235.116272,183.9999695,80.51988983,408.932
923.1467285,1490.251953,804491.9375,274206.3125,0.603471041,0.306970298,5978582.5,1653404.125,1082754944,304226368,2667680.75,348542.4063,916,235.1587219,183.9999695,80.04642487,408.9135
914.6853638,1490.251953,799799.75,274206.3125,0.606390536,0.306970298,6000829.5,1660855.375,1086753920,305597408,2701954.75,351842.8438,921,235.2297516,183.9999695,79.28556824,408.895
906.4128418,1490.251953,795229.125,274206.3125,0.609311044,0.306970298,6022939.5,1668306.625,1090730112,306968416,2736436.5,355143.3125,926,235.3016052,183.9999695,78.5447998,408.8765
898.3231812,1490.251953,790678.375,274206.3125,0.612241924,0.306970298,6044910,1675757.875,1094683392,308339456,2771126.5,358443.7813,931,235.3730011,183.9999695,77.82406616,408.858
890.368042,1490.251953,786089.8125,274206.3125,0.615177691,0.306970298,6066741.5,1683209.125,1098613888,309710496,2806026,361744.2188,936,235.4449768,183.9999695,77.11824799,408.8395
884.8989868,1490.251953,782868.9375,274206.3125,0.617231011,0.306970298,6081955,1688425,1101353984,310670208,2830558.5,364054.5313,939.5,235.4944763,183.9999695,76.6391983,408.821
879.5299072,1490.251953,779696.3125,274206.3125,0.6192801,0.306970298,6097100,1693640.875,1104082816,311629920,2855193.5,366364.875,943,235.5473175,183.9999695,76.20361328,408.8025
880.7074585,1448.015991,782770.1875,266435,0.619278789,0.336789519,6101440,1695088.875,1104865664,311896384,2862253.5,367100.1875,944,235.4976196,184.0000458,76.08374786,408.784
876.2922974,1448.015991,780131.5,266435,0.62103641,0.336789519,6114410.5,1699433,1107206016,312695680,2883508.75,369306.1875,947,235.5227051,184.0000458,75.72009277,408.7655
868.928894,1448.015991,775470.5625,266435,0.623982728,0.336789519,6135886,1706673,1111083392,314027840,2919147,372982.8125,952,235.580658,184.0000458,75.12234497,408.747
861.5811157,1448.015991,770733.625,266435,0.626981497,0.336789519,6157218,1713913.125,1114937088,315360032,2955001.75,376659.4375,957,235.6427155,184.0000458,74.53704071,408.7285
854.2609253,1448.015991,765838.3125,266435,0.630035102,0.336789519,6178402.5,1721153.25,1118766208,316692192,2991078.25,380336.0938,962,235.7069397,184.0000458,73.95816803,408.71
846.987793,1448.015991,760883.5,266435,0.633080184,0.336789519,6199440.5,1728393.25,1122570624,318024384,3027377.25,384012.7188,967,235.7713928,184.0000458,73.38587952,408.6915
841.9022217,1448.015991,757005.1875,266435,0.635342002,0.336789519,6214085.5,1733461.375,1125220224,318956896,3052893,386586.375,970.5,235.8164215,184.0000458,72.98661041,408.673
836.838501,1448.015991,749444.0625,266435,0.638057947,0.336789519,6228611,1738529.375,1127843200,319889408,3078499.75,389160,974,235.8597107,184.0000458,72.5873642,408.6545
839.3892212,1410.81604,746776.625,259590.0938,0.639167488,0.364078581,6232754,1739940.25,1128590080,320149024,3085838.75,389967.7188,975,235.7727509,183.9999542,72.48129272,408.636
835.1970215,1410.81604,742929.5,259590.0938,0.641095459,0.364078581,6245121,1744172.625,1130818816,320927776,3107929,392390.9063,978,235.7817841,183.9999542,72.14073181,408.6175
828.0950928,1410.81604,732382.0625,259590.0938,0.645100832,0.364078581,6265481.5,1751226.75,1134480768,322225728,3144938.75,396429.5,983,235.8169708,183.9999542,71.58683014,408.599
820.8566895,1410.81604,721988.1875,259590.0938,0.6491853,0.364078581,6285588.5,1758280.875,1138090624,323523680,3182146.75,400468.125,988,235.8630981,183.9999542,71.05435944,408.5805
813.5603027,1410.81604,711497.9375,259590.0938,0.653391182,0.364078581,6305434.5,1765334.875,1141648128,324821632,3219558.25,404506.7188,993,235.9114227,183.9999542,70.52139282,408.562
806.1677246,1410.81604,700913,259590.0938,0.657693505,0.364078581,6325012.5,1772389,1145152768,326119584,3257174.75,408545.3438,998,235.9616547,183.9999542,69.98293304,408.5435
801.708374,1410.81604,694397.8125,259590.0938,0.660341203,0.364078581,6336660,1776621.375,1147235968,326898336,3279818.75,410968.5,1001,235.9903259,183.9999542,69.65869904,408.525
797.2313843,1410.81604,687904.75,259590.0938,0.663009524,0.364078581,6348207,1780853.875,1149299584,327677120,3302537.25,413391.6875,1004,236.0197144,183.9999542,69.33355713,408.5065
799.7653198,1377.984985,685424.875,253549.2969,0.664256275,0.388186038,6352047,1782231.875,1149985024,327930656,3310134.25,414265.9688,1005,235.9241333,184.0000458,69.22852325,408.488
795.4451904,1377.984985,681524.0625,253549.2969,0.666442633,0.388186038,6363495,1786365.75,1152029568,328691328,3333006.75,416888.9063,1008,235.9225006,184.0000458,68.90621185,408.4695
788.0285645,1377.984985,671829.375,253549.2969,0.67076087,0.388186038,6382310,1793255.75,1155388800,329959072,3371339.5,421260.4688,1013,235.9468994,184.0000458,68.36495972,408.451
780.4249268,1377.984985,662640.875,253549.2969,0.67498982,0.388186038,6400870,1800145.625,1158701952,331226816,3409885.25,425632,1018,235.9795074,184.0000458,67.81525421,408.4325
772.6552734,1377.984985,654059.5,253549.2969,0.67907697,0.388186038,6419185.5,1807035.625,1161972224,332494560,3448641.25,430003.5313,1023,236.0174103,184.0000458,67.2570343,408.414
764.7710571,1377.984985,645832.75,253549.2969,0.683016896,0.388186038,6437268.5,1813925.5,1165201408,333762304,3487605.25,434375.0938,1028,236.0643005,184.0000458,66.70317078,408.3955
759.2298584,1377.984985,640410.75,253549.2969,0.685696602,0.388186038,6449818.5,1818748.5,1167442816,334649728,3514984,437435.1875,1031.5,236.0994568,184.0000458,66.31391144,408.377
753.6461792,1377.984985,635140.8125,253549.2969,0.688312232,0.388186038,6462262.5,1823571.375,1169665920,335537152,3542464.75,440495.25,1035,236.1357727,184.0000458,65.92306519,408.3585
756.0826416,1348.868042,633595.0625,248191.7031,0.689400911,0.409708381,6465811,1824920.25,1170299520,335785344,3550341.25,441431.4688,1036,236.0355072,183.9999847,65.81166077,408.34
751.4188843,1348.868042,630999.1875,248191.7031,0.691132963,0.409708381,6476407,1828966.875,1172192512,336529920,3574051.5,444240.125,1039,236.0299988,183.9999847,65.47470093,408.3215
743.4129028,1348.868042,624189.875,248191.7031,0.694602787,0.409708381,6493870.5,1835711.25,1175313408,337770880,3613770.75,448921.2188,1044,236.0556946,183.9999847,64.91355896,408.303
735.4064941,1348.868042,617634.875,248191.7031,0.697985351,0.409708381,6511143.5,1842455.5,1178401536,339011840,3653690,453602.3438,1049,236.1023254,183.9999847,64.37164307,408.2845
727.3167114,1348.868042,611368.0625,248191.7031,0.701263666,0.409708381,6528232.5,1849199.875,1181458432,340252800,3693805.25,458283.4375,1054,236.1569061,183.9999847,63.82579803,408.266
719.1427002,1348.868042,605372.8125,248191.7031,0.704443991,0.409708381,6545144,1855944.25,1184485248,341493760,3734113.5,462964.5313,1059,236.2167358,183.9999847,63.2747879,408.2475
714.2478638,1348.868042,601973.1875,248191.7031,0.70630151,0.409708381,6555229.5,1859990.875,1186291200,342238336,3758367.5,465773.1875,1062,236.2532501,183.9999847,62.94425583,408.229
709.4016113,1348.868042,598698.75,248191.7031,0.708117247,0.409708381,6565255,1864037.5,1188087296,342982912,3782689.5,468581.8438,1065,236.2919922,183.9999847,62.6166687,408.2105
711.8853149,1323.706055,597404.4375,243561.9063,0.709064901,0.428704828,6568591,1865361.125,1188684672,343226464,3790820.5,469575.1563,1066,236.185257,184,62.50787354,408.192
707.1540527,1323.706055,595778,243561.9063,0.710451007,0.428704828,6578563,1869332.25,1190472064,343957152,3815288.25,472555.125,1069,236.1880493,184,62.17594528,408.1735
699.2154541,1323.706055,590730.8125,243561.9063,0.713266969,0.428704828,6595028,1875950.75,1193425664,345174944,3856245.75,477521.7188,1074,236.227417,184,61.63454819,408.155
691.1727295,1323.706055,585756.25,243561.9063,0.716026604,0.428704828,6611341.5,1882569.375,1196354432,346392768,3897379.25,482488.3125,1079,236.2816162,184,61.0895462,408.1365
683.2183838,1323.706055,580994.3125,243561.9063,0.718696296,0.428704828,6627508,1889187.875,1199259392,347610592,3938682.75,487454.9375,1084,236.3471527,184,60.55039978,408.118
675.4044189,1323.706055,576404,243561.9063,0.721276581,0.428704828,6643533,1895806.375,1202141440,348828384,3980152.5,492421.5313,1089,236.4239807,184,60.04204178,408.0995
670.6928711,1323.706055,573682.375,243561.9063,0.722811282,0.428704828,6653097.5,1899777.5,1203862528,349559072,4005093.5,495401.5,1092,236.4709167,184,59.73846817,408.081
665.9888306,1323.706055,570999.0625,243561.9063,0.724319875,0.428704828,6662612.5,1903748.625,1205575552,350289760,4030093,498381.4375,1095,236.5214386,184,59.43394089,408.0625
664.4368286,1323.706055,570111,243561.9063,0.724817812,0.428704828,6665779,1905072.375,1206145664,350533312,4038432.5,499374.7813,1096,236.5358734,184,59.3331604,408.044
662.8825684,1323.706055,569222.8125,243561.9063,0.725314915,0.428704828,6668939.5,1906396,1206714880,350776896,4046778.5,500368.0938,1097,236.5523071,184,59.23250198,408.0255
